COM_CODE,UPC,DESCRIP,SIZE,CASE,NITEM
225,179,BLOOD GLUCOSE SCREEN,EACH,1,9990290
235,418,~DIET CRYSTAL PEPSI,24/12O,1,54950
235,419,~CRYSTAL PEPSI 24 PA,24/12O,1,54940
235,420,PEPSI COLA CANS,24/12O,1,54880
235,421,PEPSI DIET CANS,24/12O,1,54890
235,422,PEPSI CAFFEINE FREE,24/12O,1,54800
235,423,DIET PEPSI CAFFEINE,24/12O,1,54790
235,424,HAWAIIAN PUNCH RED,24/12O,1,54830
235,425,DADS ROOT BEER,24/12O,1,54840
235,426,MOUNTAIN DEW,24/12O,1,54810
235,427,DIET MOUNTAIN DEW,24/12O,1,54820
235,428,LIPTON BRISK ICED TE,24/12O,1,62800
235,429,BIG RED,24/12O,1,56360
235,430,ROYAL CROWN COLA 24P,24/12O,1,62750
235,431,DIET RITE COLA CANS,24/12O,1,62760
235,432,DIET R.C. (CANS),24/12O,1,62730
235,433,LIPTON BRISK ICED TE,24/12O,1,62800
235,434,A&W CREAM SODA,24/12O,1,62830
235,435,A & W ROOT BEER,24/12O,1,62770
235,436,NEHI FLAVORS / UPPER,24/12O,1,61340
235,437,TETLEY ICED TEA W/LE,24/12O,1,62880
238,438,OLD TOWN ICE TEA 24P,24/12O,1,63460
235,439,UPPER 10 24PK,24/12O,1,61300
235,440,7-UP,24/12O,1,62600
235,441,DIET 7-UP,24/12O,1,62610
235,442,DR. PEPPER,24/12O,1,62620
235,443,DIET DR PEPPER,24/12O,1,62630
235,444,CHERRY 7 UP,24/12O,1,62640
235,445,ORANGE CRUSH,24/12O,1,62530
235,446,ORANGE CRUSH,24/12O,1,62540
235,447,SQUIRT SODA,24/12O,1,62520
235,448,COUNTRYTIME LEMONADE,24/12O,1,57350
235,449,CHERRY COKE,24/12O,1,53180
235,450,COKE CLASSIC CANS,24/12O,1,52950
235,451,DIET COKE CANS,24/12O,1,52970
235,452,COKE II,24/12O,1,53000
235,453,SPRITE,24/12O,1,63030
235,454,SPRITE DIET,24/12O,1,52910
235,455,COCA COLA CAFF-FREE,24/12O,1,52980
235,456,BARQ'S ROOT BEER,24/12O,1,52960
235,457,CAFF FREE CLASSIC CO,24/12O,1,52890
235,458,DIET BARQS CANS,24/12O,1,53110
235,459,TAB CANS,24/12O,1,53100
235,460,SUNKIST ORANGE,24/12O,1,50450
235,461,CAN DRY GNGR ALE,24/12O,1,50440
235,462,CANFIELD 50/50,24/12O,1,50390
235,463,SUNKIST FLAVOR PACK,24/12O,1,50370
235,464,CANFIELD FUN PACK,24/12O,1,50380
235,465,CANFIELDS COLA 24PK,24/12O,1,50360
235,466,CANFIELDS DIET COLA,24/12O,1,50370
235,469,SUNNY DELIGHT,24 PAC,1,62970
227,470,DOMINICK'S CASE 12OZ,24/12O,1,1000
227,475,WLWD FULL CASE CODE,24/12O,1,10
235,480,MINUTE MAID ORANGE $,24/12O,1,52990
235,481,WELCH'S GRAPE SODA,24/12O,1,52760
235,482,WELCH'S STRAWBERRY S,24/12O,1,52770
235,485,SLICE LEMON-LIME,24/12O,1,56410
235,486,SLICE ORANGE,24 EA,1,56420
235,487,SEAGRAM'S GINGER ALE,24 EA,1,56400
235,488,MUG ROOT BEER,24 PK,1,75220
235,490,SCHWEPPES GINGER ALE,24/12O,1,59380
235,495,NEHI GRAPE 24 PK,24/12O,1,61320
225,10916645,ORENZADA,16 OZ,24,78330
241,10916745,LEMONIADA,16 OZ,24,78310
238,10967015,ORENZADA 2LTR,2 LT,6,78320
238,10967016,LEMONIADA,2 LT,6,78300
238,10967017,MANDARYNDA (ORANGE S,2 LT,6,78340
238,10967051,WODA SODOWA (SELTZER,2 LT,6,78350
233,1060810005,OLD TOWN NAT SLTZER,1 LT,12,62130
238,1060810010,OLD TOWNE SELTZER W/,1 LT,12,62140
238,1060820016,OLD TOWN GNGR ALE PP,2 LT,8,62120
237,1060830006,OLD TOWNE LEM-LIME,6/12OZ,4,63580
237,1060830007,OLD TOWNE PINEAPPLE,6/12OZ,4,63500
225,1060830015,OLD TOWN GINGER ALE,6/12OZ,4,61830
237,1060830026,OLD TOWNE STRAWBERRY,6/12OZ,4,63520
237,1060830027,OLD TOWNE TROP PUNCH,6/12OZ,4,63540
237,1060830029,OLD TOWNE ORANGE,6/12OZ,4,63560
237,1060830035,OLD TOWNE ICED TEA,6/12OZ,4,63620
237,1060830036,OLD TOWNE DT ICED TE,6/12OZ,4,63600
237,1060830037,OLD TOWNE BANANA MAN,6/12OZ,4,63660
237,1060830038,OLD TOWNE LEMONADE,6/12OZ,4,63640
241,1060831115,ENDURO GRAPEFRUIT TA,20 OZ,24,63910
241,1060831116,ENDURO ORNG APRIC SI,20 OZ,24,61030
241,1060831117,ENDURO CRANBERRY SIN,20 OZ,24,61050
241,1060831118,ENDURO LEMON ORNG SI,20 OZ,24,61040
241,1060831119,ENDURO POLYNESIAN PU,20 OZ,24,63890
241,1060831120,ENDURO CONCORD GRAPE,20 OZ,24,63900
241,1060849926,OLD TOWNE WILD STRAW,20 OZ,24,63870
241,1060849927,OLD TOWNE TROP PUNCH,6/20 O,24,63880
241,1060849928,OLD TOWNE CONCORD GR,20 OZ,24,63830
241,1060849929,OLD TOWNE ORANGE,20 OZ,24,63840
241,1060849930,OLD TOWNE LEMON LIME,20 OZ,24,63850
241,1060849933,OLD TOWNE PINEAPPLE,20 OZ,24,63860
241,1060849935,OLD TOWNE ICED TEA,20 OZ,24,63800
241,1060849937,OLD TOWNE BANANA MAN,20 OZ,24,63820
241,1060849938,OLD TOWNE LEMONADE,20 OZ,24,63810
238,1060866635,OLD TOWN ICE TEA 24P,24/12O,1,63460
241,1060870001,ENDURO GRAPEFRUIT/TA,16 OZ,24,360230
241,1060870002,ENDURO ORANGE APRICO,16 OZ,24,360210
241,1060870003,ENDURO CRANBERRY PAS,16 OZ,24,360220
241,1060870004,ENDURO LEMON ORANGE,16 OZ,24,360200
238,1060880015,OLD TOWNE GINGER ALE,3 LT,6,63340
238,1060880026,OLD TOWNE WILD STRAW,3 LT,6,63380
238,1060880027,OLD TOWNE TROPICAL P,3 LT,6,63360
238,1060880028,OLD TOWNE CONCORD GR,3 LT,6,63350
238,1060880029,OLD TOWN ORANGE,3 LT,6,63330
238,1060880033,OLD TOWNE PINEAPPLE,3 LT,6,63370
238,1060880037,OLD TOWNE BANANA MAN,3 LT,6,63390
238,1060880050,$OLD TOWNE STRAW/KIW,3 LT,6,63490
238,1060880051,$OLD TOWNE PEACHY PE,3 LT,6,63510
236,1115605386,TETLEY ICED TEA W/LE,12/12O,2,62860
235,1115605387,TETLEY ICED TEA W/LE,24/12O,1,62880
237,1115605390,TETELY ICED TEA,6/12OZ,4,62910
237,1115605391,TETELY ICED TEA,6/12OZ,4,62910
237,1115605602,TETLEY RASPBERRY ICE,6/12OZ,4,62890
241,1115605633,TETLEY ICED TEA SING,16 OZ,24,62670
238,1115605702,TETLEY ICED TEA,2 LT,8,62850
227,1119462117,S&W GREEN GLACE CHER,7.5 OZ,12,9870400
237,1200000013,PEPSI-COLA CANS,6/12OZ,4,54990
236,1200000016,PEPSI COLA CANS,12/12O,2,54960
235,1200000017,PEPSI COLA CANS,24/12O,1,54880
239,1200000020,PEPSI COLA (RET),8/16OZ,3,55100
237,1200000050,PEPSI-DIET CANS,6/12OZ,4,55000
235,1200000053,PEPSI DIET CANS,24/12O,1,54890
239,1200000056,PEPSI DIET (RET),8/16OZ,3,55110
234,1200000068,OCEAN SPRAY LEMONADE,16 OZ,24,320570
241,1200000070,PEPSI COLA CAFF FREE,20 OZ,3,54420
237,1200000085,MOUNTAIN DEW CANS,6/12OZ,4,55070
235,1200000088,MOUNTAIN DEW,24/12O,1,54810
236,1200000090,PEPSI DIET CANS,12/12O,2,54970
241,1200000120,SLICE ORANGE,20 OZ,24,54530
241,1200000121,DIET PEPSI CAFF. FRE,20 OZ,3,54430
238,1200000125,GRAPE SLICE,2 LT,8,55310
241,1200000129,PEPSI 20 OZ NR 8PK,8/20OZ,3,54400
241,1200000130,DIET PEPSI 20 OZ NR,8/20OZ,3,54410
241,1200000131,MOUNTAIN DEW 20 OZ N,8/20OZ,3,54440
241,1200000134,DIET MOUNTAIN DEW,8/20OZ,3,54460
239,1200000139,WILD CHERRY PEPSI,8/20OZ,3,55170
236,1200000166,MT DEW DIET,6/12OZ,4,55120
236,1200000169,DIET MOUNTAIN DEW,12/12O,2,63010
235,1200000170,DIET MOUNTAIN DEW,24/12O,1,54820
236,1200000190,PEPSI DIET CANS,12/12O,2,54970
241,1200000203,SLICE LEMON LIME,20 OZ,24,54520
236,1200000225,MOUNTAIN DEW CANS,12/12O,2,54980
238,1200000230,PEPSI COLA N/R,2 LT,8,55250
238,1200000231,PEPSI DIET N/R,2 LT,8,55260
238,1200000233,MOUNTAIN DEW N/R,2 LT,8,55270
238,1200000294,PEPSI,1 LT,12,55470
238,1200000295,DIET PEPSI,1 LT,12,55480
238,1200000297,MOUNTAIN DEW,1 LT,12,55490
237,1200000310,WILD CHERRY PEPSI,6/12OZ,4,55400
238,1200000311,WILD CHERRY PEPSI,2 LT,8,55290
237,1200000340,DIET WILD CHERRY PEP,6/12OZ,4,55420
238,1200000341,DIET WILD CHERRY PEP,2 LT,8,55300
234,1200000355,STRBKS COFFEE FRAPPU,9.5 OZ,24,55820
236,1200000376,DIET MOUNTAIN DEW,12/12O,2,63010
239,1200000394,PEPSI COLA N.R. BOTT,8/16OZ,3,63080
241,1200000395,MOUNTAIN DEW N/R,16 OZ,24,54730
239,1200000396,DIET PEPSI N.R. BOTT,8/16OZ,3,63090
225,1200000399,MOUNTAIN DEW TRIAL S,10 OZ,24,56050
234,1200000400,OCEAN SPRAY LEMONADE,16 OZ,24,300320
238,1200000455,ORANGE SLICE PPD,2 LT,8,55940
238,1200000456,DIET ORANGE SLICE PP,2 LT,8,55990
236,1200000457,SLICE MANDARIN ORANG,12/12O,2,55970
236,1200000458,SLICE MANDARIN ORANG,12/12O,2,56020
238,1200000472,LEMON LIME SLICE PPD,2 LT,8,55380
238,1200000473,DIET LEMON LIME SLIC,2 LT,8,55390
237,1200000490,CAFFEINE FREE PEPSI,6/12OZ,4,55030
236,1200000491,PEPSI CAFFEINE FREE,12/12O,2,54900
238,1200000492,CAFFEINE FREE PEPSI,2 LT,8,55360
237,1200000494,DIET PEPSI CAFFEINE,6/12OZ,4,55050
236,1200000495,DIET PEPSI CAFFEINE,12/12O,2,54920
238,1200000496,DIET PEPSI CAFFEINE,2 LT,8,55370
239,1200000498,CAFFEINE FREE PEPSI,8/16OZ,3,63100
239,1200000501,DIET CAFF/FREE PEPSI,8/16OZ,3,63120
235,1200000519,PEPSI CAFFEINE FREE,24/12O,1,54800
235,1200000524,DIET PEPSI CAFFEINE,24/12O,1,54790
237,1200000538,CAFFEINE FREE MOUNTA,6 CT,4,75330
238,1200000540,CAFFEINE FREE MOUNTA,2 LT,8,75340
237,1200000541,CAFF. FREE DIET MT D,6 CT,4,75300
238,1200000543,CAFF FREE DIET MT DE,2 LT,8,75310
241,1200000559,WILD CHERRY PEPSI,8/20OZ,3,54470
241,1200000566,CAFFEINE FREE MTN DE,20 OZ,24,75350
241,1200000567,CAFF FREE DIET NT DE,20 OZ,24,75320
239,1200000570,CRYSTAL PEPSI N.R.,8/20OZ,3,55150
239,1200000571,CRYSTAL DIET PEPSI N,8/20OZ,3,55160
239,1200000577,~CRYSTAL PEPSI N.R.,8/20OZ,3,55150
239,1200000578,~CRYSTAL DIET PEPSI,8/20OZ,3,55160
235,1200000581,CRYSTAL PEPSI,20/12O,1,54770
235,1200000582,CRYSTAL DIET PEPSI,20/12O,1,54780
235,1200000583,~CRYSTAL PEPSI 24 PA,24/12O,1,54940
236,1200000597,DIET CRYSTAL PEPSI 1,12/12O,2,54690
236,1200000598,CRYSTAL PEPSI 12 PK,12/12O,2,54680
237,1200000605,GRAPE SLICE,6/12OZ,4,55440
234,1200000649,STRBKS MOCHA FRAPPAC,9.5 OZ,24,55840
237,1200000668,CRYSTAL PEPSI,6/12OZ,4,55180
238,1200000686,CRYSTAL PEPSI,2 LT,8,55210
237,1200000705,STRAWBERRY SLICE,6/12OZ,4,55460
238,1200000706,STRAWBERRY SLICE,2 LT,8,55320
237,1200000709,CRYSTAL DIET PEPSI,6/12OZ,4,55190
234,1200000729,ALL SPORT LEMON LIME,16 OZ,24,300150
234,1200000735,ALL SPORT LEMON LIME,32 OZ,12,300120
241,1200000739,DIET PEPSI SLAM CAN,16 OZ,24,63080
234,1200000743,ALL SPORT ORANGE SIN,16 OZ,24,300160
238,1200000746,DIET MOUNTAIN DEW,2 LT,8,63000
241,1200000749,MOUNTAIN DEW SLAM CA,16 OZ,24,63090
234,1200000752,$ALL SPORT ORANGE 32,32 OZ,12,300220
234,1200000755,ALL SPORT FRUIT PUNC,16 OZ,24,300140
234,1200000757,ALL SPORT FRUIT PUNC,32 OZ,12,300110
241,1200000782,SLICE N/R BOTTLE,16 OZ,24,54760
237,1200000790,SLICE CANS,6/12OZ,4,55060
236,1200000791,SLICE CANS,12/12O,2,54860
235,1200000792,SLICE LEMON-LIME,24/12O,1,56410
238,1200000801,LEMON LIME SLICE PPD,2 LT,8,55380
237,1200000809,SLICE DIET 6/PACK CA,6/12OZ,4,55090
236,1200000810,SLICE DIET CANS,12/12O,2,54870
238,1200000812,CRYSTAL DIET PEPSI,2 LT,8,55220
241,1200000815,PEPSI SLAM CAN,16 OZ,24,63070
238,1200000820,DIET LEMON LIME SLIC,2 LT,8,55390
239,1200000826,PEPSI COLA BOTTLES,6/24 O,4,54310
241,1200000828,SLICE GRAPE,20 OZ,24,56290
239,1200000841,DIET PEPSI BOTTLES,6/24 O,4,54320
236,1200000844,PEPSI COLA CANS,12/12O,2,54960
236,1200000845,PEPSI DIET CANS,12/12O,2,54970
236,1200000846,MOUNTAIN DEW CANS,12/12O,2,54980
236,1200000847,PEPSI CAFFEINE FREE,12/12O,2,54900
236,1200000848,DIET PEPSI CAFFEINE,12/12O,2,54920
239,1200000849,MOUTAIN DEW BOTTLES,6/24OZ,4,54330
237,1200000855,SLICE MANDARIN ORANG,6/12OZ,4,55960
236,1200000856,SLICE MANDARIN ORANG,12/12O,2,55970
238,1200000863,ORANGE SLICE PPD,2 LT,8,55940
237,1200000870,SLICE MANDARIN ORANG,6/12OZ,4,56010
236,1200000871,SLICE MANDARIN ORANG,12/12O,2,56020
238,1200000878,DIET ORANGE SLICE PP,2 LT,8,55990
236,1200000884,SLICE CANS,12/12O,2,54860
236,1200000885,SLICE DIET CANS,12/12O,2,54870
225,1200000887,SLICE DIET N/R,16 OZ,24,54770
239,1200000893,PEPSI C/F BOTTLES,6/24OZ,4,54340
237,1200000899,MUG ROOT BEER,6 PK,4,75200
241,1200000910,MUG ROOT BEER,20 OZ,24,75260
233,1200000913,MUG ROOT BEER,1 LT,12,75230
239,1200000916,DIET PEPSI C/F BOTTL,6/24OZ,4,54350
238,1200000917,PEPSI COLA,3 LT,6,55950
238,1200000918,DIET PEPSI COLA,3 LT,6,78370
238,1200000921,MOUNTAIN DEW 3 LITER,3 LT,6,55280
241,1200000933,SLICE STRAWBERRY,20 OZ,24,56320
238,1200000935,MUG ROOT BEER,2 LT,8,75240
238,1200000937,MUG ROOT BEER,3 LT,6,75250
238,1200000952,DIET MUG ROOT BEER,2 LT,8,75270
238,1200000990,WILD CHERRY PEPSI,1LT,12,56440
225,1200010012,PEPSI COLA N.R. BOTT,8/16OZ,3,63080
236,1200010015,MUG ROOT BEER,12 PK,2,75210
241,1200010038,PEPSI DIET N/R,16 OZ,24,54720
239,1200010054,PEPSI 20 OZ NR 8PK,8/20OZ,3,54630
239,1200010055,DIET PEPSI 20 OZ NR,8/20OZ,3,54640
239,1200010056,MOUNTAIN DEW 20 OZ N,8/20OZ,3,54670
239,1200010057,DIET MOUNTAIN DEW,8/20OZ,3,54560
239,1200010066,CAF FREE PEPSI 20 OZ,8/20OZ,3,54650
239,1200010067,CAFF FREE DIET PEPSI,8/20OZ,3,54660
235,1200010402,SLICE ORANGE,24/12O,1,56420
241,1200010430,PEPSI SINGLE SERVE,20 OZ,24,54620
235,1200010694,MUG ROOT BEER,24 PK,1,75220
235,1200010798,WILD CHERRY PEPSI,24/12O,1,56370
235,1200010799,WILD CHERRY PEPSI,24/12O,1,56370
233,1299323915,LACROIX SPARKLING WA,1.5 LT,8,42740
233,1299337915,LACROIX SPARKLING WT,1.5 LT,8,42750
233,1299370915,LACROIX SPARKLING WA,1.5 LT,8,42730
234,1370525000,CHOCOLATE MOOSE DRIN,15.5 O,24,50000
233,1380610033,QUIBELL NAT SPARKLIN,1 LT,12,77650
233,1380630033,QUIBELL TANGERINR/OR,1 LT,12,77670
233,1380650033,QUIBELL RASPBERRY/ST,1 LT,12,77660
233,1380660033,QUIBELL PASSION GRAP,1 LT,12,77680
233,1546520015,PURE AMERICAN SPRING,1.5 LT,12,70720
233,1546522631,PURE AMERICAN SPRING,1 LT,12,70710
234,1657112001,ICE CHERRY SPARKLING,12 OZ,24,59070
234,1657112002,ICE BERRY SPARKLING,12 OZ,24,59060
234,1657112003,ICE APPLE SPARKLING,12 OZ,24,59050
234,1657112004,ICE PEACH SPARKLING,12 OZ,24,59080
240,1660000006,SCHWEPPS TONIC N/R,1 LT,12,59300
237,1660000020,SCHWEPPS GINGER ALE,6/12OZ,4,59240
240,1660000026,SCHWEPPS GINGER ALE,1 LT,12,59260
240,1660000036,SCHWEPPS CLUB SODA N,1 LT,12,59280
240,1660000064,SCHWEPPES DIET TONIC,1 LT,12,59320
240,1660050570,SCHWEPPES TONIC WATE,6/10OZ,4,59360
240,1660050592,SCHWEPPES TONIC,2 LT,8,59340
240,1660051170,SCHWEPPS GINGER ALE,6/10OZ,4,59250
236,1660051183,SCHWEPPES GINGER ALE,12/12O,2,59560
235,1660051196,SCHWEPPES GINGER ALE,24/12O,1,59380
238,1660051209,SCHWEPPES RASPBERRY,2 LT,8,59430
238,1660051219,SCHWEPPES DIET RASP,2 LT,8,59460
233,1660051304,SCHWEPPES LIME SELTZ,2 LT,8,59450
233,1660051305,SCHWEPPES BLACKBERRY,2 LT,8,59490
233,1660051307,SCHWEPPES WILD RASPB,2 LT,8,59480
238,1660051312,SCHWEPPES GINGER ALE,2 LT,8,59270
238,1660051314,SCHWEPPES GINGER ALE,2 LT,8,59270
233,1660051344,SCHWEPPS LIME SELTZE,1 LT,12,59350
233,1660051348,SCHWEPPS BLK CHERRY,1 LT,12,59390
233,1660051397,SCHWEPPES RASPBERRRY,1 LT,12,59420
240,1660051470,SCHWEPPS CLUB SODA N,6/10OZ,4,59200
239,1660051571,SCHWEPPES SELTZER WA,6/10OZ,4,59230
233,1660051572,SCHWEPPS SELTZER SGR,1 LT,12,59290
233,1660051574,SCHWEPPES S/F SELTZE,2 LT,8,59330
237,1660051701,SCHWEPPES DRY GRP GI,6/12OZ,4,59210
236,1660051702,SCHWEPPES DRY GRP GI,12/12O,2,59590
238,1660051703,SCHWEPPES DRY GRAPE,2 LT,8,59190
237,1660051717,SCHWPS DT DRY GRP GI,6/12OZ,4,59220
236,1660051718,SCHWP DT DRY GRP GIN,12/12O,2,59580
238,1660051719,SCHWPS DT DRY GRP GI,2 LT,8,59180
236,1660052105,SCHWEPPES RSPBRY GIN,12/12O,2,59440
225,1660052108,SCHWEPPES RASP GNG A,10 OZ,24,5945
225,1660052118,SCHWEPPES DT RASP G/,10 OZ,24,59480
236,1660052121,SCHWEPPES DT RSPB GN,12/12O,2,59470
238,1660052124,SCHWEPPES DIET RSPBR,2 LT,8,59460
238,1660053102,SCHWEPPES DIET GING,2 LT,8,59310
240,1660055220,SCHWEPP S/DIET TONIC,6/10OZ,4,59530
238,1690000012,CANADA DRY GINGER AL,2 LT,8,50470
237,1690000013,CANADA DRY GINGER AL,6/12OZ,4,50050
237,1690000083,CANADA DRY GNGR ALE,6/12OZ,4,50060
240,1690000301,CANADA DRY GINGER AL,6/10OZ,4,50010
240,1690000302,CANADA DRY CLUB SODA,6/10OZ,4,50020
240,1690000303,CANADA DRY TONIC NR,6/10OZ,4,50030
233,1690000312,CANADA DRY BLCK CHRY,6/10OZ,4,50150
233,1690000313,CANADA DRY SELTZER,6/10OZ,4,50120
233,1690000332,CANADA DRY MAND ORAN,6/10OZ,4,50130
233,1690000335,CANADA DRY LL SELTZE,6/10OZ,4,50140
240,1690000337,CANADA DRY TONIC DIE,6/10OZ,4,50540
225,1690000351,CANADA DRY GINGER AL,16 OZ,24,50550
238,1690000901,CANADA DRY GINGER AL,3 LT,6,50820
237,1690000972,CAN DRY TAHITIAN $,6/12OZ,4,51190
225,1690000980,BARRELHEAD ROOT BEER,6/12OZ,4,50040
237,1690000995,CANADA DRY LEMON GIN,6/12OZ,4,50180
237,1690000999,CANADA DRY DIET LMN,6/12OZ,4,50190
241,1690001051,CANADA DRY GINGER AL,20 OZ,24,54610
238,1690001601,CANADA DRY GINGER AL,2 LT,8,50480
225,1690001630,BARRELHEAD ROOT BEER,2 LT,8,50490
238,1690001645,CANADA DRY LEMON GIN,2 LT,8,50160
225,1690001649,CANADA DRY DIET LMN,2 LT,8,50170
225,1690001650,BARRELHEAD ROOT BEER,2 LT,8,50510
240,1690001751,CANADA DRY GINGER AL,1 LT,12,50300
240,1690001752,CANADA DRY CLUB SODA,1 LT,12,50310
240,1690001753,CANADA DRY TONIC WAT,1 LT,12,50320
233,1690001762,CANADA BLCKBRRY SLTZ,1 LT,12,50110
233,1690001763,CANADA  DRY  SELTZER,1 LT,12,50330
233,1690001782,CANADA DRY LEMONLIME,1 LT,12,50290
233,1690001783,CANADA DRY GRAPEFRUI,1 LT,12,51120
233,1690001785,CANADA DRY MANDRN-OR,1 LT,12,50100
236,1690010951,CANADA DRY GINGER AL,12/12O,2,50070
225,1690010980,CANADA DRY BARRELHD,12/12O,2,5050
236,1690010988,CANADA DRY GINGER AL,12/12O,2,50080
235,1690012951,CAN DRY GNGR ALE,24/12O,1,50440
237,1690040970,CANADA DRY CRAN-ALE,6/12OZ,4,50210
237,1690040971,$CAN DRY DT CRANB GN,6/12OZ,4,50220
238,1690041620,CAN DRY CRANBERRY GI,2 LT,8,50520
238,1690041621,CAN DRY DIET CRANBRR,2 LT,8,50530
233,1690041772,CAN DRY SELTZER TROP,1 LT,12,51140
225,1784200100,CLARTE SPARKLING WAT,6/11OZ,4,52370
233,1784200212,CLARTE'LEMON 6PK,6/12OZ,4,63170
233,1784200312,CLARTE' LIME 6PK,6/12OZ,4,63180
225,2400000358,HAWAIIAN PUNCH GLDN,6/12OZ,4,29610
237,2400000745,HAWAIIAN PUNCH CANS,6/12OZ,4,55010
225,2400000747,HAWAIIAN PUNCH N/R,16 OZ,24,54750
225,2400000750,HAWIIAN PUNCH N/R,2 LT,8,55340
225,2400000776,HAWAIIAN PUNCH TRIAL,10 OZ,24,5660
225,2400013231,HAWAIIAN PUNCH SPARK,12/12O,2,54820
225,2400013233,HAWIIAN PUNCH SPARKL,2 LT,8,55330
225,2400013235,HAWAIIAN PUNCH DIET,12/12O,2,54830
225,2400013237,HAWAIIAN PUNCH SPRKL,2 LT,8,55320
234,2500000700,FRUITOPIA CITRUS CON,16 OZ,24,70830
234,2500000701,FRUITOPIA STRAW PASS,16 OZ,24,70840
234,2500000702,FRUITOPIA GRAPE BEYO,16 OZ,24,70850
234,2500000703,FRUITOPIA FRUIT INTE,16 OZ,24,70860
234,2500000704,FRUITOPIA LEMONADE $,16 OZ,24,70870
234,2500000705,FRUITOPIA PINK LEMON,16 OZ,24,70880
234,2500000706,FRUITOPIA CRAN LEMON,16 OZ,24,70890
234,2500000707,FRUITOPIA RASP LEMON,16 OZ,24,70920
234,2500000714,FRUITOPIA TANGERINE,16 OZ,24,71010
234,2500000717,FRUITOPIA BORN RASPB,16 OZ,24,70800
234,2500000718,FRUITOPIA PEACHABLE,16 OZ,24,70990
234,2500000719,FRUITOPIA CURIOUS MA,16 OZ,24,70820
234,2500000720,FRUITOPIA LEMON BERR,16 OZ,24,70930
234,2500000745,FRUITOPIA MIND OVER,16 OZ,12,70910
225,2628120001,THORSPRING,1.5 LT,6,71760
233,2628130001,THORSPRING WATER 1 L,1 LT,12,71950
235,2840006996,GRANDMA'S FDGE CHOC,1.5,8,1238290
237,2950000001,ROYAL CROWN COLA,6/12OZ,4,61770
237,2950000014,ROYAL CROWN COLA NR,6/16OZ,4,62450
235,2950000065,DIET RITE VARIETY 24,24/12O,1,62680
238,2950000069,R.C. COLA,2 LT,8,62300
237,2950000084,KICK,6/12OZ,4,64210
236,2950001294,ROYAL CROWN COLA,12/12O,2,61680
241,2950001313,RC PRODUCTS 20OZ SIN,20 OZ,24,61650
225,2950001331,ROYAL CROWN COLA RET,8/16OZ,3,61890
235,2950001574,ROYAL CROWN COLA 24P,24/12O,1,62750
238,2950001682,ROYAL CROWN COLA,3 LT,6,62700
239,2950001762,RC COLA 6PK 20 OZ,6/20 O,3,62480
238,2950001933,RC COLA PPD $.99,2 LT,8,62300
237,2950002254,DIET R.C. (CANS),6/12OZ,4,62780
236,2950002294,DIET R.C. COLA,12/12O,2,61690
235,2950002574,DIET R.C. (CANS),24/12O,1,62730
238,2950002932,DIET R.C.,2 LT,8,62740
238,2950002933,DIET R.C. PP.99,2 LT,8,62740
237,2950005254,DIET RITE COLA,6/12OZ,4,61790
236,2950005294,DIET RITE COLA,12/12O,2,61660
237,2950005312,DIET RITE COLA NR,6/16OZ,4,62470
225,2950005331,DIET RITE COLA RET,8/16OZ,3,61910
235,2950005574,DIET RITE COLA 24PK,24/12O,1,62760
238,2950005682,DIET RITE COLA,3 LT,6,62710
239,2950005762,DIET RITE COLA 6PK 2,6/20 O,3,62490
238,2950005932,DIET RITE COLA PP.99,2 LT,8,62350
238,2950005933,DIET RITE COLA PP.99,2 LT,8,62350
237,2950007254,NEHI ORANGE,9 CT,4,61730
241,2950007312,UPPER 10 16 OZ. N.R.,16 OZ,24,62680
235,2950007574,UPPER 10 24PK,24/12O,1,61300
241,2950007762,UPPER-10 SINGLE NR,20 OZ,24,61120
238,2950007933,UPPER 10 PRE-PRICED,2 LT,8,62400
225,2950010331,DIET RITE COLA RET,8/16OZ,3,61910
236,2950011294,~KICK,12/12O,2,64220
235,2950011574,KICK SODA,24/12O,1,64240
239,2950011762,KICK,20 OZ,24,64200
238,2950011932,~KICK,2 LT,8,64230
237,2950020254,NEHI ORANGE,9 CT,4,61730
241,2950020312,NEHI ORANGE N/R,16 OZ,24,61350
235,2950020574,NEHI FLAVORS / UPPER,24/12O,1,61340
241,2950020762,NEHI ORANGE SINGLE N,20 OZ,24,61010
238,2950020932,NEHI ORANGE PPD .99,2 LT,8,62200
238,2950020933,NEHI ORANGE PPD .99,2 LT,8,62200
237,2950021254,NEHI,EA,4,61800
241,2950021312,NEHI GRAPE N/R,16 OZ,24,61360
235,2950021574,NEHI GRAPE 24 PK,24/12O,1,61320
241,2950021762,NEHI GRAPE SINGLE NR,20 OZ,24,61020
238,2950021932,NEHI GRAPE PPD .99,2 LT,8,62220
238,2950021933,NEHI GRAPE PPD .99,2 LT,8,62220
241,2950025312,NEHI LEMONADE N.R.,16 OZ,24,62690
237,2950035254,NEHI ORANGE,9 CT,4,61730
241,2950035312,NEHI FRUIT PUNCH N/R,16 OZ,24,61380
235,2950035574,NEHI FRUIT PUNCH 24P,24/12O,1,61310
238,2950035932,NEHI FRUIT PUNCH PPD,2 LT,8,62230
238,2950035933,NEHI FRUIT PUNCH,2 LT,8,62230
238,2950050933,DIET RITE CRANBERRY,2 LT,8,62190
238,2950051932,DIET RITE CRAN APPLE,2 LT,8,62180
238,2950051933,DIET RITE CRAN APPLE,2 LT,8,62180
237,2950080254,DIET RITE TANGERINE,6/12OZ,4,62920
236,2950080294,DIET RITE (TANGERINE,12/12O,2,61670
241,2950080312,DIET RITE TANGERINE,16 OZ,24,62980
241,2950080762,DIET RITE TANGERINE,20 OZ,24,61100
238,2950080932,DIET RITE TANGERINE,2 LT,8,62320
238,2950080933,DIET RITE TANGERINE,2 LT,8,62320
237,2950081254,DIET RITE WHITE GRAP,6/12OZ,4,61740
236,2950081294,DIET RITE WHITE GRAP,12/12O,2,62420
225,2950081312,DIET RITE WHITE GRAP,16 OZ,24,9810630
241,2950081762,DIET RITE WHT GRAPE,20 OZ,24,61080
238,2950081932,DIET RITE WHITE GRAP,2 LT,8,62410
238,2950081933,DIET RITE WHITE GRAP,2 LT,8,62410
225,2950082254,DIET RITE  GRAPEFRUI,6/12OZ,4,62930
236,2950082294,DIET RITE PINK GRAPE,12/12O,2,61490
238,2950082932,DIET RITE GRAPE-FRUI,2 LT,8,62310
237,2950083254,DIET RITE MANGO MELO,6/12OZ,4,62860
238,2950083932,DIET RITE MANGO MELO,2 LT,8,63190
238,2950083933,DIET RITE MANGO MELO,2 LT,8,63190
237,2950085254,DIET RITE RED RASPBE,6/12OZ,4,62940
236,2950085294,DIET RITE RASPBERRY,12/12O,2,61600
241,2950085312,DIET RITE RED RASPBE,16 OZ,24,9810610
234,2950085762,DIET RITE RED RASP S,20 OZ,24,61110
238,2950085932,DIET RITE RED RASPBR,2 LT,8,62330
238,2950085933,DIET RITE RED RASPBE,2 LT,8,62330
237,2950086254,DIET RITE PEACH,6/12OZ,4,62900
225,2950086294,DIET RITE GOLDEN PEA,12/12O,2,61650
238,2950086932,DIET RITE PEACH,2 LT,8,62390
238,2950086933,DIET RITE GOLDEN PEA,2 LT,8,62390
237,2950089254,DIET RITE KIWI STRAW,6/12OZ,4,62850
236,2950089294,DIET RITE KIWI STRAW,12/12O,2,61590
234,2950089762,DIET RITE KIWI STRAW,20 OZ,24,61140
238,2950089932,DIET RITE KIWI STRAW,2 LT,8,62260
238,2950089933,DIET RITE KIWI STRWB,2 LT,8,62270
241,2950090312,DIET RITE LEMONADE N,16 OZ,24,62970
241,2950090762,DIET RITE LEMONADE S,20 OZ,24,61070
238,2950090932,DIET RITE LEMONADE,2 LT,8,62170
238,2950090933,DIET RITE LEMONADE,2 LT,8,62170
241,2950091312,DIET RITE KEY LIME N,16 OZ,24,62950
234,2950091762,DIET RITE KEY LIME S,20 OZ,24,61090
238,2950091932,DIET RITE KEY LIME,2 LT,8,62840
238,2950091933,DIET RITE KEY LIME,2 LT,8,62280
241,2950093312,DIET RITE FRUIT PUNC,16 OZ,24,62960
238,2950093932,DIET RITE FRUIT PUNC,2 LT,8,62310
238,2950093933,DIET RITE FRUIT PUNC,2 LT,8,62310
237,2950094254,~DIET RITE PASSION P,6/12OZ,4,61400
234,2950094762,~DIET RITE PASSION P,20 OZ,24,61130
238,2950094932,DIET RITE PASSION PL,2 LT,8,62260
238,2950094933,DIET RITE PASSION PL,2 LT,8,62260
225,3010400101,OLD TYME GINGER BEER,6/12OZ,4,7653
225,3010400103,OLD TYME  CHAMPAGNE,6/12OZ,4,7655
225,3010400104,OLD TYME CREAM  SODA,6/12OZ,4,7654
225,3010400105,OLD TYME NY MANDARIN,6/12OZ,4,7661
225,3010400109,OLD TYME  PINA COLAD,6/12OZ,4,7651
225,3010400110,OLD TYME JAMAICAN GN,6/12OZ,4,27970
225,3010400111,OLD TYME CREAM SODA,6/12OZ,4,27890
225,3010400113,JAMAICAN CHAMPAGNE C,6/12OZ,4,27980
225,3010400115,OLD TYME PINA COLADA,6/12OZ,4,27940
225,3010400149,OLD TYME DIET GINGER,6/12OZ,4,2922
225,3010400150,OLD TYME GINGER BEER,1 LT,12,29280
225,3010400174,OLD TYME NY PARK AVE,6/12OZ,4,7659
225,3010400175,OLD TYME DIET PK/AVE,6/12OZ,4,2927
225,3010400178,OLD T CHRRY LIME RIC,6/12OZ,4,76570
225,3010400179,OLD TYME DIET CHRYLM,6/12OZ,4,2924
225,3010400180,OLD TYME DIET CREME,6/12OZ,4,2923
225,3010400197,NEW YORK PARK AVE PU,6/12OZ,4,27950
225,3010400302,OLD TYME NY BLK-CHRR,6/12OZ,4,7658
225,3010400304,OLD TYME BLACK CHERR,6/12OZ,4,27960
225,3010400306,OLD TYME ORANGE SODA,6/12OZ,4,2790
225,3010400308,OLD TYME DIET BLK CH,6/12OZ,4,2925
225,3010400309,OLD TYME JAMAICAN DI,6/12OZ,4,27880
225,3010400310,OLD TYME DIET CREME,6/12OZ,4,27910
225,3010400311,DIET PARK AVENUE PUN,6/12OZ,4,27930
225,3010400312,OLD TYME DIET CREME,6/12OZ,4,27920
225,3010400313,OLD TYME DIET BLK CH,6/12OZ,4,27870
233,3049488122,APOLLONARIS   WATER,3 LT,12,3400530
234,3120000809,OCEAN SPRAY CRANBERR,16 OZ,24,59750
234,3120000826,OCEAN SPRAY FRUIT PU,16 OZ,24,320500
234,3120000827,OCEAN SPRAY RUBY RED,16 OZ,24,59760
234,3120000830,OCEAN SPR CRZY KIWI,16 OZ,24,61290
234,3120000839,OCEAN SPRAY MANDARIN,16 OZ,24,70500
234,3120000841,OCEAN SPRAY BLK CHRY,16 OZ,24,61250
234,3120000844,OCEAN SPRAY RUBY RED,16 OZ,24,320540
234,3120000846,OCEAN SPRAY MEGA MEL,16 OZ,24,61270
234,3120000862,OCEAN SPRAY CARIBBEA,16 OZ,24,70510
234,3120000883,OCEAN SPRAY MANGO MA,16 OZ,24,59780
234,3120000885,OCEAN SPRAY 100% ORA,16 OZ,24,59800
234,3120000890,OS KIWI WATERMELON,16 OZ,24,61220
234,3120000891,OCEAN SPRAY PEACH CI,16 OZ,24,61230
234,3120000892,OCEAN SPRAY CRANBERR,16 OZ,24,61210
234,3120000894,OCEAN SPRAY KIWI STR,16 OZ,24,59770
234,3120000895,OCEAN SPRAY CHRY CID,16 OZ,24,61200
234,3400000360,HERSHEY'S CHOCOLATE,16 OZ,24,70180
227,3680016390,WORLD CLASSICS COLA,2 LT,8,48141
227,3680016391,WRLD CLASSIC DIET CO,2 LT,8,48121
227,3680016393,WRLD CLASSIC CAF FR,2 LT,8,48161
227,3680016394,WORLD CLASSIC COLA 6,6/12OZ,4,48001
227,3680016395,WORLD CLASSICS S/F C,6/12OZ,4,48021
227,3680016397,WRLD CLASSC S/F  C/F,6/12OZ,4,48041
227,3680018205,WORLD CLASSICS COLA,12/12O,2,48061
227,3680018206,WORLD CLASSICS DT CO,12/12O,2,48081
227,3680018207,WORLD CLSC S/F C/F C,12/12O,2,48101
227,3828100201,DOM GINGERALE,2 LT,6,1551
227,3828100205,DOM COLA SODA,2 LT,6,1651
227,3828100207,DOMINICK'S COLA 3 LT,3 LT,6,1951
227,3828100209,DOM ORANGE SODA,2 LT,6,1601
227,3828100211,DOM ORANGE SODA 3 LT,3 LT,6,1971
227,3828100213,DOM ROOT BEER,2 LT,6,1701
227,3828100215,DOM DIET ROOT BEER,2 LT,6,1721
227,3828100249,DOM GINGER ALE,12 OZ,24,1001
227,3828100253,DOM COLA,12 OZ,24,1051
227,3828100255,DOM COLA,12/12O,2,901
227,3828100257,DOM CREME SODA,12 OZ,24,1201
227,3828100259,DOM CREME SODA,12/12O,2,921
227,3828100261,DOM ORANGE SODA,12 OZ,24,1101
227,3828100263,DOM ORANGE,12/12O,2,941
227,3828100265,DOM ROOT BEER SODA,12 OZ,24,1151
227,3828100267,DOM ROOT BEER,12/12O,2,961
227,3828100269,DOM DIET GINGER ALE,12 OZ,24,1351
227,3828100273,DOM DIET COLA,12 OZ,24,1401
227,3828100277,DOM DIET ROOT BEER,12 OZ,24,1451
227,3828100281,DOM FRUIT PUNCH,2 LT,6,1801
227,3828100285,DOM DIET COLA,2 LT,6,1751
227,3828100301,DOM LEMON LIME SODA,12 OZ,24,1301
227,3828100305,DOM GRAPE SODA,12 OZ,24,1251
227,3828100309,DOM DIET LEMON LIME,12 OZ,24,1501
227,3828100313,DOM LEM/LIME SODA,2 LT,6,1851
227,3828100315,DOM LEMON LIME SODA,3 LT,6,1961
227,3828100317,DOM BLACK CHERRY SOD,12 OZ,24,1311
227,3828100319,DOM DIET BLACK CHERR,12 OZ,24,1321
227,3828100321,DOM FRUIT PUNCH,12 OZ,24,1261
227,3828100325,DOM CHERRY COLA SODA,12 OZ,24,1331
227,3828100329,DOM SELTZER WATER,1 LT,12,1921
227,3828100331,DOM SPARKLING WATER/,1 LT,12,1911
227,3828100333,DOM TONIC WATER,1 LT,12,1941
227,3828100337,~DOM GINGER ALE,1 LT,12,1901
227,3828100341,DOM CREME SODA,2 LT,6,1831
227,3828100345,DOM CHERRY COLA,2 LT,6,1681
227,3828100349,DOM GRAPE SODA,2 LT,6,1871
227,3828100353,DOM DIET LEMON LIME,2 LT,6,1621
227,3828100357,DOMINICK'S CASE 12OZ,24/12O,1,1000
233,3828100361,DOMINICK'S SELTZER W,2 LT,6,1931
234,3828100365,DOM P.L TEA W/LEMON,16 OZ,24,70201
234,3828100369,DOM P.L RASPBERRY TE,16 OZ,24,70241
234,3828100373,DOM DIET TEA W/LEMON,16 OZ,24,70221
234,3828100377,~DOM'S KIWI STRWBERR,16 OZ,24,70281
234,3828100381,DOM P.L PINK LEMONAD,16 OZ,24,70261
234,3828100385,DOM CLEAR STRAWBERRY,20 OZ,24,70121
234,3828100389,DOM CLEAR CHERRY,20 OZ,24,70131
234,3828100393,DOM CLEAR PEACH,20 OZ,24,70141
234,3828100397,DOM CLEAR RASPBERRY,20 OZ,24,70151
233,3828100405,DOM LEMON SELTZER 2,2 LT,6,1981
233,3828100409,DOM 2 LITER LIME SEL,2 LT,6,1991
234,4100000146,LIPTN BREW WILD STRW,16 OZ,24,56120
234,4100000147,LIPTN BREW GREEN TEA,16 OZ,24,56110
241,4100000371,LIPTON BRISK,20 OZ,24,56180
241,4100000376,LIPTON RASPBERRY BRI,20 OZ,24,56190
234,4100000377,LIPTON DIET PEACH,16 OZ,24,56100
234,4100000378,LIPTON DIET RASPBERR,16 OZ,24,56090
241,4100000387,LIPTON CARIBBEAN COO,20 OZ,24,56200
237,4100000814,LIPTON BRISK ICED TE,6/12OZ,4,61700
235,4100000815,LIPTON BRISK ICED TE,24/12O,1,62800
238,4100000859,LIPTON BRISK TEA,2 LT,8,55500
234,4100000990,LIPTON BREW SWEETND,16 OZ,24,56050
234,4100000991,LIPTON BREW SWEETND,16 OZ,24,56040
234,4100000992,LIPTON BREW UNSWTND,16 OZ,24,56030
234,4100000994,LIPTON BREW PEACH,16 OZ,24,56070
234,4100000995,LIPTON ORIGINAL RASP,16 OZ,24,56060
234,4100000997,LIPTON ORIGINAL DIET,16 OZ,16,56080
234,4100001019,LIPTON ORIGNL SWTND,32 OZ,12,56120
234,4100001020,LIPTON ORIGINAL RASP,32 OZ,12,56110
234,4100001024,LIPTON CNTRY LEMNADE,16 OZ,24,56090
234,4100001025,LIPTON MOUNT BERRY A,16 OZ,24,56150
234,4100001027,LIPTON ORIG SWTND NO,32 OZ,12,56140
238,4100001028,LIPTON RASPBERRY BRI,2 LT,8,55520
234,4100001031,LIPTON ORIG UNSWTND,32 OZ,12,56130
238,4100001036,LIPTON BRISK TEA,3 LT,6,75410
238,4100001039,LIPTON BRISK,1 LT,12,56170
237,4100010288,LPTN 72CT TEA/NOSTLG,EA,48,9800601
237,4100010728,LIPTON DIET BRISK TE,6/12OZ,4,61710
236,4100010958,LIPTON BRISK ICED TE,12/12O,2,61620
237,4117517280,PS DIET CAFF FREE CO,6/12OZ,4,2141
237,4117517281,PS ROOT BEER,6/12OZ,4,2201
237,4117517285,PS COLA,6/12OZ,4,2101
237,4117517286,PS DIET COLA,6/12OZ,4,2141
237,4117517287,PS LEMON LIME,6/12OZ,4,2161
237,4117517290,PS ORANGE,6/12OZ,4,2241
237,4133104060,GOYA TROPIC COLA,6 CT,4,310120
237,4133104063,GOYA COCO NUT SODA,6 CT,4,310110
233,4150880000,SAN PELLEGRINO WATER,3 LT,12,34070
233,4150880012,SAN PELLIGRINO SPARK,25.3 O,12,55600
238,4154500035,NU GRAPE SODA PPD,2 LT,8,62650
225,4154500069,NU GRAPE SODA,6 PK,4,6267
238,4154500084,NU GRAPE SODA PPD,2 LT,8,62650
241,4154508603,NESBITT'S HONEY LEMO,20 OZ,24,54500
236,4154508611,NESBITTS CAL LEMADE,6/12OZ,4,55130
238,4154508613,NESBITT'S LEMONADE,1 LT,12,56260
238,4154508619,NESBITTS HONEY LEMON,2 LT,8,55330
235,4154508631,NESBITT'S LEMONADE,24/12O,1,56380
238,4154508644,NESBITT'S LEMONADE,3 LT,6,75400
236,4154526485,NESBITTS CAL SUNTEA,6/12OZ,6,55140
237,4171000000,ORANGE CRUSH 6PK,6/12OZ,4,57250
237,4171000001,CRUSH GRAPE CANS,6/12OZ,4,57020
237,4171000002,STRAWBERRY CRUSH,6/12OZ,4,57060
237,4171011208,ORANGE CRUSH,1 LT,12,57420
238,4171011288,CRUSH ORANGE PP .99,2 LT,8,57730
238,4171011298,ORANGE CRUSH,3 LITE,6,50770
235,4171011341,$ORANGE CRUSH,24/12O,1,62530
236,4171011342,ORANGE CRUSH CANS$,12/12O,2,57150
235,4171011349,ORANGE CRUSH,24/12O,1,62540
238,4171012288,CRUSH GRAPE,2 LT,8,57760
236,4171012342,CRUSH GRAPE,12/12O,2,57290
238,4171013288,CRUSH STRAWBERRY,2 LT,8,57720
236,4171013342,CRUSH STRAWBERRY,12 CT,2,57300
238,4171015288,CRUSH PINEAPPLE,2 LT,8,57170
225,4171015348,PINEAPPLE CRUSH,6/12OZ,4,57180
238,4171019288,CRUSH ORG DIET,2 LT,8,57630
236,4171019342,CRUSH ORANGE S/F CAN,12/12O,2,57120
237,4171019348,CRUSH SUGAR FREE CAN,6/12OZ,4,57000
239,4171021798,$ORANGE CRUSH NR 8 P,8/20OZ,3,58190
238,4171031288,$CRUSH PUNCH PPD$.99,2 LT,8,57770
238,4171041278,HIRES ROOT BEER N/R,2 LT,8,57800
236,4171041332,$HIRES ROOT BEER,12/12O,2,57130
238,4171042208,DIET HIRES ROOT BEER,2 LT,8,57790
236,4171051397,HIRES ROOT BEER,15/12O,2,9810600
239,4171080001,$ORANGE CRUSH NR 8 P,8/20OZ,3,58190
233,4171089109,CRUSH RAINBOW PACK,24/12O,1,9857250
237,4300000690,COUNTRY TIME LEMONAD,6/12OZ,4,9877771
234,4300084096,"CNTRY TIME LEMONDE""H",16 OZ,24,72170
234,4300084098,COUNTRY TIME PINK LE,16 OZ,24,72180
234,4300095072,CRYSTAL LIGHT LEMONA,16 OZ,24,70380
234,4300095073,CRYSTAL LIGHT FRUIT,16 OZ,24,70330
234,4300095076,CRYSTAL LIGHT RASPBE,16 OZ,24,70310
234,4300095151,COUNTRY TIME KIWI ST,16 OZ,24,72200
234,4300095152,COUNTRY TIME TANGRNE,16 OZ,24,72190
238,4300095242,COUNTRYTIME LEMONADE,1 LT,12,59000
238,4300095265,COUNTRY TIME LEMONAD,2 LT,8,57780
235,4300095290,COUNTRYTIME LEMONADE,24/12O,1,57350
234,4300098076,CRYSTAL LIGHT STRW/O,16 OZ,24,70360
234,4300098077,CRYSTAL LIGHT PINK L,16 OZ,24,70370
241,4300098080,COUNTRY TIME LEMONAD,20 OZ,24,59010
234,4300098500,CRYSTAL LIGHT KIWI S,16 OZ,24,70320
234,4300098501,CRYSTAL LIGHT PASSIO,16 OZ,24,70390
234,4612126074,CAP 10 CHERRY/RASPB,1 LT,12,74890
233,4612126079,CAP 10  ORANGE,1 LT,12,70700
234,4612126080,CAP 10 LEMON/LIME,1 LT,12,74800
234,4612126082,CAP 10 CRAN LIME WAT,1 LT,12,74880
237,4640010021,SUNKIST GRAPE,6/12OZ,4,51480
238,4640010026,SUNKIST GRAPE,2 LT,8,51900
237,4640010041,SUNKIST STRAWBERRY,6/12OZ,4,51470
238,4640010046,SUNKIST STRAWBERRY,2 LT,8,51890
238,4640010132,SUNKIST ORANGE,2 LT,8,51910
235,4640010143,SUNKIST ORANGE,24/12O,1,50450
239,4640010183,SUNKIST ORANGE 8 PK,8/20OZ,8,52110
237,4640010244,SUNKIST LEMONADE,6/12OZ,4,51170
241,4640010249,SUNKIST LEMONADE N.R,20 OZ,24,50770
238,4640010255,SUNKIST LEMONADE,2 LT,8,51150
237,4640010274,SUNKIST DIET LEMONAD,6/12OZ,4,51180
238,4640010285,SUNKIST DIET LEMONAD,2 LT,8,51160
235,4640012000,SUNKIST FLAVOR PACK,24/12O,1,50370
237,4640014021,SUNKIST ORANGE,6/12OZ,4,51370
236,4640014026,SUNKIST ORANGE,12/12O,2,52060
237,4640015021,SUNKIST ORANGE DIET,6/12OZ,4,51380
225,4640018026,SUNKIST ORANGE,12/12O,2,52060
241,4640054031,SUNKIST ORANGE N.R.,20 OZ,24,50760
238,4640054081,SUNKIST ORANGE,2 LT,8,51910
238,4640054211,SUNKIST ORANGE 3LTR,3 LT,6,50830
238,4640055081,SUNKIST ORANGE DIET,2 LT,8,51990
233,4850000290,TROP. TROPICAL ORANG,4/10OZ,6,2361
233,4850000292,TROPICANA WILD BERRI,4/10OZ,6,2341
233,4850000293,TROP. CRANBERRY ORCH,4/10OZ,6,2381
233,4850000294,TROPICANA ORANGE SPA,23 OZ,12,2321
233,4850000295,TROP GOLDEN-GRP SPAR,23 OZ,12,2261
233,4850000296,TROP WILD BERRY SPAR,23 OZ,12,2301
233,4850000297,TROP CRANBERRY ORCHA,23 OZ,12,2241
234,4879400001,CELESTIAL LEMON ZING,16 OZ,24,78780
234,4879400003,CELESTIAL ICED TEA W,16 OZ,24,78800
234,4879400005,CELESTIAL CRANBERRY,16 OZ,24,78820
234,4879400006,CELESTIAL RASPBERRY,16 OZ,24,78760
225,4900000035,CHERRY COKE NR,16 OZ,24,52140
238,4900000036,CHERRY COKE PP$.99,2 LT,8,52570
225,4900000043,COCA-COLA N/R,16 OZ,24,52170
241,4900000044,COCA COLA CLASSC SNG,20 OZ,24,53270
241,4900000045,DIET COKE SNGLE SERV,20 OZ,24,53280
237,4900000050,CHERRY COKE,6/12OZ,4,52300
236,4900000057,~CHERRY COKE CANS,12/12O,2,52230
237,4900000069,COKE II 6 PACK,6/12OZ,4,52370
235,4900000070,COKE CLASSIC CANS,24/12O,1,53000
237,4900000113,MINUTE MAID ORANGE 6,6/12OZ,4,52450
225,4900000114,SPRITE N/R,16 OZ,24,52090
235,4900000129,SPRITE,24/12O,1,63030
237,4900000132,SPRITE CANS,6/12OZ,4,52430
241,4900000142,COKE CLASSIC 1 LTR P,1 LT,12,52840
239,4900000162,CLASSIC COKE NR,8/20OZ,3,52100
239,4900000164,DIET COKE NR,8/20OZ,3,52120
238,4900000170,MIN MAID ORANGE PP$.,2 LT,8,52710
239,4900000172,COKE C/F DIET,8/20OZ,3,52130
239,4900000174,SPRITE N.R.,8/20OZ,3,52140
241,4900000182,COKE X-MAS PACKAGE S,8 OZ,1,9800540
235,4900000189,TAB CANS,24/12O,1,53100
237,4900000193,TAB,6/12OZ,4,52310
239,4900000199,DIET SPRITE 8/20 OZ,8/20OZ,3,52160
236,4900000225,MINUTE MAID ORANGE,12/12O,2,52780
238,4900000243,CAFFEINE FREE CLASSI,2 LT,8,63050
237,4900000248,FRESCA,6/12OZ,4,52330
237,4900000254,CAFFEINE FREE CLASSI,6/12OZ,4,52810
239,4900000259,CAFF-FREE COKE CLASS,4/16OZ,6,53310
236,4900000272,CAFFEINE,FREE C,2,63040
225,4900000280,MINUTE MAID PUNCH,2 LT,8,52720
225,4900000284,CAFFEINE FREE CLASSI,12/16O,2,63060
236,4900000301,CAFFEINE  FREE CLASS,12/12O,2,63040
235,4900000303,CAFF FREE CLASSIC CO,24/12O,1,52890
225,4900000329,MINUTE MAID DIET ORA,12/12O,2,52790
225,4900000333,CAFFEINE FREE CLASSI,2 LT,8,63050
237,4900000403,DIET CHERRY COKE,6/12OZ,4,52320
225,4900000404,CHERRY COKE DIET CAN,12/12O,2,52260
225,4900000410,CHERRY COKE DIET,2 LT,8,52690
235,4900000459,SPRITE DIET,24/12O,1,52910
237,4900000460,DIET SPRITE CANS,6/12OZ,4,52360
238,4900000522,DIET COKE,1 LT,12,52800
238,4900000524,COKE CLASSIC,1 LT,12,-268438844
225,4900000546,COKE II 2LTR PPD $.9,2 LT,8,52670
238,4900000550,TAB PPD $.99,2 LT,8,52700
238,4900000551,SPRITE,2 LT,8,52680
239,4900000553,COKE C/F DIET,8/20OZ,3,52130
239,4900000554,CHERRY COKE,8/20OZ,3,52090
238,4900000569,SPRITE DIET,2 LT,8,52650
239,4900000570,CLASSIC COKE NR,8/20OZ,3,52100
239,4900000571,DIET COKE NR,8/20OZ,3,52120
238,4900000572,FRESCA SODA,2 LT,8,52740
238,4900000579,SPRITE,1 LT,12,52850
236,4900000600,SPRITE CANS,12/12O,2,52250
237,4900000634,COCA-COLA CLASSIC CA,6/12OZ,4,52350
236,4900000636,COKE CLASSICS CANS,12/12O,2,52220
225,4900000638,COKE CLASSIC NR,16 OZ,24,52150
238,4900000639,COCA-COLA CLASSIC,2 LT,8,52590
239,4900000640,COKE CLASSIC N/R,4/16OZ,6,53300
238,4900000642,COKE CLASSIC,1 LT,12,52840
237,4900000658,COKE DIET CANS,6/12OZ,4,52340
238,4900000663,DIET COKE,2 LT,8,52640
238,4900000664,DIET COKE,1 LT,12,52800
225,4900000666,COKE DIET NR,16 OZ,24,52130
239,4900000669,SPRITE,8/20OZ,3,52140
225,4900000675,COKE DIET (RET),8/16OZ,3,52460
237,4900000725,MELLO YELLO 6PK $,6/12OZ,4,52470
238,4900000726,MELLO YELLO,2 LT,8,52690
241,4900000764,COKE PROD(ASST) SING,20 OZ,24,53290
239,4900000897,SPRITE DIET N/R $,4/16OZ,6,53350
236,4900000914,~DIET COKE CANS,12/12O,2,52280
236,4900000927,SPRITE DIET CANS,12/12O,2,52210
237,4900000929,COKE DIET CAFFEINE F,6/12OZ,4,52380
225,4900000931,COKE DIET CAFFEINE F,16 OZ,24,52110
238,4900000935,COKE DIET CAFFEINE F,2 LT,8,52600
225,4900000951,COKE CAFFEINE FREE,2 LT,8,52580
225,4900000967,CAFFEINE FREE COKE C,12/12O,2,52300
236,4900000968,CAFFEINE FREE DIET C,12/12O,2,52240
236,4900000980,COKE II,12/12O,2,52290
236,4900000981,~DIET COKE CANS,12/12O,2,52280
225,4900000982,TAB CANS,12/12O,2,52270
236,4900000983,SPRITE CANS,12/12O,2,52250
236,4900000984,SPRITE DIET CANS,12/12O,2,52210
225,4900000987,COCA-COLA N/R (PLAST,16 OZ,24,5293
239,4900000989,DIET COKE N/R,4/16OZ,6,53320
239,4900000990,CAFF-FREE DIET COKE,4/16OZ,6,53330
239,4900000993,SPRITE N/R,4/16OZ,4,52920
237,4900000999,MINUTE MAID PUNCH 6,6/12OZ,4,52460
225,4900001015,C.F. DIET COKE (RETU,8/16OZ,3,52560
236,4900001020,CAFFEINE FREE DIET C,12/12O,2,52240
235,4900001063,DIET COKE CANS,24/12O,1,52970
235,4900001178,COCA COLA CAFF-FREE,24/12O,1,52980
236,4900001186,MINUTE MAID ORANGE,12/12O,2,53450
236,4900001210,CHERRY COKE,12/12O,2,53480
236,4900001252,COKE CLASSICS CANS,12/12O,2,52220
239,4900001267,COCA-COLA CLASSIC (R,8/16OZ,3,52550
235,4900001278,COKE CLASSIC CANS,24/12O,1,52950
225,4900001301,BRAND SPRITE,2 LT,8,52680
225,4900001302,DIET SPRITE PPD $1,2 LT,8,52650
238,4900001386,BRAND COKE,2 LT,8,52670
235,4900001387,CHERRY COKE,24/12O,1,53180
238,4900001405,b,2 LT,8,52700
238,4900001478,MINUTE MAID ORANG,2 LT,1,52710
225,4900001480,COKE PRODUCTS PPD$1.,2 LT,1,9900670
225,4900001533,FRESCA CANS,12/12O,2,52200
225,4900001550,COCA-COLA CLASSIC PL,12/16O,2,52470
225,4900001551,DIET COKE PLASTIC,12/16O,2,52480
225,4900001552,SPRITE PLASTIC $,12/16O,2,5250
236,4900001553,ÂFRESCA CANS,12/12O,2,52200
225,4900001571,COCA COLA (20 OZ.),20 OZ,24,52940
225,4900001601,COKE 20OZ NR PREPRIC,20 OZ,24,63020
225,4900001672,MINUTE MAID ORANGE P,12/16O,2,5242
225,4900001674,CAFFEINE FREE DIET C,12/12O,2,52240
238,4900001827,MIN MAID FRUIT PUNCH,2 LT,8,52720
237,4900001834,COKE X-MAS 6 PACK,6/8 OZ,1,9800550
225,4900001855,MINUTE MAID PUNCH PP,2 LT,8,52720
225,4900001870,COKE 20OZ NR PREPRIC,20 OZ,24,63020
241,4900001873,MIN MAID PNCH PP$.5,20 OZ,24,52900
241,4900001879,COKE NR PP,20 OZ,24,63020
238,4900001884,COKE II 2LTR PPD $.9,2 LT,8,52670
238,4900001885,CHERRY COKE PPD $.99,2 LT,8,52570
238,4900001886,MINUTE MAID ORANGE,2 LT,8,52710
238,4900001887,MINUTE MAID PUNCH,2 LT,8,52720
238,4900001888,MELLO YELLOW PPD .99,2 LT,8,52690
241,4900001890,CHERRY COKE SINGLE P,20 OZ,24,53420
239,4900001891,M MAID ORG SNGL,20 OZ,24,53410
225,4900001900,CHRISTMAS BTLS 8OZ,8OZ NR,6,9810590
241,4900001905,COKE CLASSIC 1 LTR P,1 LT,12,52840
238,4900001906,DIET COKE 1LTR PP .7,1 LT,12,52800
241,4900001907,SPRITE 1 LTR PP .79,1 LT,12,52850
241,4900001964,SINGLE SERVE UPC COD,16 OZ,24,54600
241,4900001968,PEPSI SINGL SERV 20,20 OZ,24,54600
239,4900002217,CHERRY COKE,8/20OZ,3,52090
238,4900002319,SPRITE,1 LT,12,52850
238,4900002385,BARQ'S ROOT BEER,2 LT,8,52410
236,4900002386,~BARQ'S ROOT BEER,12/12O,2,53460
238,4900002395,BARQ'S ROOT BEER,2 LT,8,52410
237,4900002398,BARQ DIET ROOT BEER,6/12OZ,4,52420
236,4900002399,DT BARQ'S ROOT BEER,12/12O,2,53470
238,4900002403,BARQ'S DIET RT BEER,2 LT,8,52440
239,4900002420,BARQ'S ROOT BEER,8/20OZ,3,52150
235,4900002425,DIET BARQS CANS,24/12O,1,53110
235,4900002426,BARQ'S ROOT BEER,24/12O,1,52960
234,4900002504,FRUITOPIA GRAPE BEYO,16 OZ,12,70850
234,4900002505,NESTEA BOTTLE,16 OZ,24,63240
235,4900041834,COKE X-MAS 24 PACK,24/8 O,1,9800560
241,4916276484,TING DRINK N.R.,12 OZ,24,65040
233,4930110001,NEW YORK SLTZR BLK C,4/10OZ,6,29390
225,4930110002,NEW YORK SELTZR VAN,4/10OZ,6,29410
225,4930110003,NEW YORK SELTZR ROOT,4/10OZ,6,29400
225,4930110004,NEW YORK SELTZR ORAN,6/10OZ,4,2944
233,4930110005,NEW YORK SELTZER RAS,4/10OZ,6,29380
233,4930110006,NEW YORK SELTZR LEMO,6/10OZ,6,29430
225,4930110007,NEW YORK SELTZR CONC,4/10OZ,6,29460
225,4930110008,NEW YORK SELTZR BLUE,6/10OZ,4,2945
225,4930110009,NEW YORK SELTZER COL,6/10OZ,4,29470
233,4930110010,NEW YORK SELTZER PEA,4/10OZ,6,29420
225,4930110101,NEW YORK SELTZR BLK,1 LT,12,29490
225,4930110102,NEW YORK SELTZER VAN,1 LT,12,29520
225,4930110105,NEW YORK SELTZER RAS,1 LT,12,29480
225,4930110106,NEW YORK SELTZER LEM,1 LT,12,29500
225,4930110109,NEW YORK SELTZER COL,1 LT,12,2951
233,4930110301,NEW YORK SELTZER BLK,16 OZ,24,29270
234,4930110302,NY SELTZ VAN CREAM,16 OZ,24,29290
233,4930110305,NEW YORK SELTZER RAS,16 OZ,24,29280
233,4930110319,NEW YORK SELTZER STR,16 OZ,24,29300
233,4930130001,NEW YORK SELTZR DIET,6/10OZ,6,29690
233,4930130005,NEW YORK SLTZR DIET,4/10OZ,6,29710
233,4930130010,NEW YORK SLTZR DIET,4/10OZ,6,29720
225,4930130102,NEW YORK SELTZER VAN,1 LT,12,29520
225,4930190001,ORIG N.Y.EXPRESS ICE,4/8 OZ,6,29590
241,5020000016,HAWIIAN PUNCH RED 8P,8/20OZ,3,54480
237,5020000045,DIET HAWAIIAN PUNCH,6/12OZ,4,55550
239,5020000049,DIET HAWAIIAN PUNCH,8/20OZ,3,55560
238,5020000051,DIET HAWAIIAN PUNCH,2 LT,8,55570
239,5020000053,HAWIIAN PUNCH RED 8P,8/20OZ,3,54570
237,5020000125,SUNNY DELIGHT CANS,6 CT,4,62960
239,5020000126,SUNNY DELIGHT BOTTLE,20 OZ,24,62950
238,5020000128,SUNNY DELIGHT,2 LITE,8,63060
236,5020000130,$SUNNY DELIGHT 12 PA,12/12O,2,62980
235,5020000131,SUNNY DELIGHT,24 PAC,1,62970
237,5020000745,HAWIIAN PUNCH N/R,6/12OZ,4,55010
238,5020000750,HAWIIAN PUNCH N/R,2 LT,8,55340
238,5020000778,HAWAIIN PUNCH,1 LT,12,55080
236,5020012439,HAWAIIAN PUNCH,12/12O,2,54850
235,5020014571,HAWAIIAN PUNCH RED,24/12O,1,54830
238,5080000025,RUBY RED SQUIRT 2 LT,2 LT,8,57660
237,5080000055,RUBY RED SQUIRT 6 PK,6/12OZ,4,57180
237,5080000057,SQUIRT CANS,6/12OZ,4,57220
237,5080000067,SQUIRT DIET CANS,6/12OZ,4,57190
238,5080000135,SQUIRT 1 LITER,1 LT,12,57670
238,5080000139,SQUIRT,2 LT,8,57650
238,5080000149,DIET SQUIRT,2 LT,8,57620
225,5080001257,SQUIRT CANS,12/12O,2,57110
225,5080001267,SQUIRT DIET CANS,12/12O,2,57100
235,5080020457,SQUIRT SODA,24/12O,1,62520
236,5080021255,RUBY RED SQUIRT 12 P,12/12O,2,57090
236,5080021257,SQUIRT CANS,12/12O,2,57110
236,5080021267,SQUIRT DIET CANS,12/12O,2,57100
236,5080021557,SQUIRT CANS,12/12O,2,57110
236,5080021567,DIET SQUIRT 12+3 BON,15/12O,2,57100
239,5080060121,SQUIRT NR $,8/20OZ,3,58290
239,5080080007,SQUIRT NR $,8/20OZ,3,58290
233,5096800012,ORANGINA-REGULAR CAN,6/12OZ,4,77590
233,5096833001,ORANGINA FROM FRANCE,1 LT,12,77550
233,5096833008,ORANGINA DIET 1 LTR,1 LT,12,77580
233,5096840010,ORAGINA-ALL NATURAL,4/10OZ,6,77540
233,5096840040,ORANGINA DIET 4PK,4/10OZ,6,77570
233,5230000051,SUNDANCE BLACK CURRA,23 OZ,12,2201
233,5230000092,SUNDANCE SOUR CHERRY,23 OZ,12,59600
233,5230000105,SUNDANCE TRIAL SIZE,7 OZ,24,9810181
233,5230000151,SUNDANCE CRANBERRY S,23 OZ,12,59640
233,5230000154,SUNDANCE KIWI-LIME S,23 OZ,12,59630
233,5230000155,SUNDANCE RASP SPARKL,23 OZ,12,59620
233,5230000172,SNDANCE TROPICAL LEM,23 OZ,12,2151
233,5230000176,SNDNCE PASSION FRUIT,23 OZ,12,2171
233,5230000178,SUNDANCE CONCORD TWI,23 OZ,12,59610
233,5230000200,BEACH CLUB SPRKLR RA,4/10OZ,6,2531
233,5230000209,BEACH CLUB SPRKLR CR,23 OZ,12,2551
233,5230000235,BEACH CLUB SPRKLR RA,23 OZ,12,2571
233,5230000236,BEACH CLUB SPRKLR KI,23 OZ,12,2561
233,5230000237,BEACH CLUB SPRKLR PE,23 OZ,12,2541
233,5230010126,SUNDANCE CRANBERRY S,4/10OZ,6,59680
233,5230010129,SUNDANCE KIWI-LIME S,4/10OZ,6,59670
61,5230010131,SUNDANCE RASPBERRY S,4/10OZ,6,59660
233,5230010135,SUNDANCE SPARKLER TR,4/10OZ,6,29810
233,5230010143,SNDNCE PASSION FRT/P,4/10OZ,6,2091
233,5230010144,SUNDANCE CONCORD TWI,4/10OZ,6,59650
233,5230010300,BEACH CLUB SPRKLR RA,4/10OZ,6,2531
233,5230010302,BEACH CLUB SPRKLR KI,4/10OZ,6,2521
233,5230010303,BEACH CLUB SPRKLR PE,4/10OZ,6,2501
233,5230010304,BEACH CLUB SPRKLR CR,4/10OZ,6,2511
237,5353712001,MANGO FRESH,6/12OZ,4,76300
237,5353712051,MANGO FRESH DIET,6/12OZ,4,76320
235,5400073508,DIET DR PEPPER,24/12O,1,62630
239,5490000024,DIET DR PEPPER NR,6/16OZ,4,58310
237,5490000029,DR PEPPER CANS,6/12OZ,4,57230
237,5490000030,DR PEPPER SUGAR/FREE,6/12OZ,4,57240
239,5490000036,DIET DR PEPPER NR,8/20OZ,3,58310
225,5490000048,DR. PEPPER CANS,12/12O,2,57280
225,5490000049,DR PEPPER SUGAR FREE,12/12O,2,57140
238,5490000060,DR PEPPER,2 LT,8,57700
238,5490000061,DR PEPPER SUGAR/FREE,2 LT,8,57710
239,5490000066,DR PEPPER NR,6/16OZ,4,58300
238,5490000074,DR PEPPER 1 LITER,1 LT,12,57740
238,5490000075,DR PEPPER 1 LITER,1 LT,12,57740
225,5490000087,DR PEP DT CAF FREE,10 OZ,24,58270
238,5490000089,DR PEP DT CAF/FREE,2 LT,8,58250
238,5490000097,DR PEPPER CAFFEINE F,2 LT,8,58240
238,5490002042,DR. PEPPER,3 LITE,6,50780
239,5490002050,DR PEPPER NR,6/20 O,3,58300
239,5490002073,DR PEPPER NR,8/20OZ,3,58300
239,5490002076,DIET DR PEPPER NR,8/20OZ,3,58310
236,5490003007,DR. PEPPER CANS,12/12O,2,57280
235,5490003019,DR. PEPPER,24/12O,1,62620
236,5490003033,DR PEPPER 12+3 FREE,15/12O,2,57280
236,5490003034,DIET DR PEPPER 12+3,15/12O,2,57140
236,5490003035,DIET CF DR PEPPER 12,15/12O,2,58260
236,5490003506,DIET DR PEPPER,CANS,2,57140
236,5490010035,DR PEPPER CAFFEINE F,12/12O,2,58270
236,5490010037,DR PEP DT CAF FREE,12/12O,2,58260
235,5490073508,DIET DR PEPPER,24/12O,1,62630
233,5491300007,GRAYSON WATER 12OZ,4/12OZ,6,63160
233,5491300008,GRAYSON WATER (SPRNG,1.5 LT,12,63150
225,5737910101,NAYA SPRING WATER,1 LT,12,51710
233,5737910501,NAYA SPRING WATER,16 OZ,24,63920
233,5737912105,NAYA NAT. SPRING WAT,1.5 LT,12,51690
234,6647942130,CLEARLY 2 BLACK CHER,4/11OZ,6,70280
234,6647942230,$CLEARLY CANADIAN-KE,4/11OZ,6,70260
234,6647942330,CLEARLY 2 BOYSENBERR,4/11OZ,6,70300
234,6647947030,$CLEARLY CANADIAN-AL,4/11OZ,6,70960
234,6647947031,$CLEAR CANAD-TROP TA,4/11OZ,6,71210
233,6647947230,CLRLY CANAD ORCHARD,4/11OZ,6,71090
233,6647947330,CLEARLY CANADIAN BLA,4/11OZ,6,71120
233,6647947430,CLEARLY CANADIAN CHE,4/11OZ,6,71110
233,6647947530,CLEARLY CANDIAN WSTR,4/11OZ,6,71080
233,6647947630,CLEARLY CANADIAN RAS,4/11OZ,6,71100
234,6647947730,CLEARLY CANADIAN COS,4/11OZ,6,71220
233,6647947830,CLEARLY CANADIAN STR,4/11OZ,6,71070
234,6647947930,$CLEARLY CANADIAN-GR,4/11OZ,6,70950
234,6647982170,CLEARLY 2 BLACK CHER,23 OZ,12,70220
234,6647982270,CLEARLY 2 KEY LIME,23 OZ,12,70200
234,6647982370,CLEARLY 2 BOYSENBERR,23 OZ,12,70240
234,6647987050,CLEARLY CANADIAN ALP,16 OZ,24,71270
234,6647987051,CLEARLY CANADIAN TRO,16 OZ,24,71290
234,6647987070,CLEARLY CANADIAN ALP,23 OZ,12,70980
234,6647987071,$CLEARLY CANADIAN TR,23 OZ,12,71230
233,6647987230,CLEARLY CANADIAN PEA,11 OZ,24,71130
234,6647987270,CLEARLY CANADIAN PEA,23 OZ,12,71200
233,6647987330,CLEARLY CANADIAN BLA,11 OZ,24,71160
234,6647987350,CLEARLY CANADIAN MT,16 OZ,24,71320
234,6647987370,CLEARLY CANADIAN BLA,23 OZ,12,71170
233,6647987430,CLEARLY CANADIAN CHE,11 OZ,24,71150
234,6647987450,CLEARLY CANADIAN WIL,16 OZ,24,71300
234,6647987470,CLEARLY CANADIAN-CHE,23 OZ,12,71180
234,6647987530,CLEARLY CANADIAN LOG,11 OZ,24,71040
233,6647987570,CLEARLY CANADIAN WIL,23 OZ,12,71210
233,6647987630,CLEARLY CANADIAN RAS,11 OZ,24,71140
234,6647987670,CLEARLY CANADIAN-RAS,23 OZ,12,71190
234,6647987730,CLEARLY CANADIAN STR,4/11OZ,24,71030
234,6647987770,CLEARLY CANADIAN COS,23 OZ,12,71230
234,6647987830,CLEARLY CANADIAN STR,11 OZ,24,71030
234,6647987850,CLEAR CANADIAN SM ST,16 OZ,24,71310
234,6647987870,CLEARLY CANADIAN STR,23 OZ,12,71250
234,6647987970,CLEARLY CANADIAN GRE,23 OZ,12,70970
237,7020200005,A & W ROOT BEER (CAN,6/12OZ,4,61810
237,7020200006,A & W DIET ROOT BEER,6/12OZ,4,61820
235,7020210102,A&W DIET RT BR24 PK,24/12O,1,62810
236,7020210103,A&W ROOTBEER,12/12O,2,61640
236,7020210104,A&W DIET ROOT BEER,12/12O,2,61630
235,7020210105,A & W ROOT BEER 24PK,24/12O,1,62770
235,7020210106,A&W DIET RT BR24 PK,24/12O,1,62810
239,7020210603,A&W ROOT BEER,6/20 O,3,62500
241,7020210605,DT A&W ROOT BEER,6/20 O,24,63930
237,7020211205,A W ROOT BEER NR,6/16OZ,4,62430
238,7020211703,A W RT BEER REG,2 LT,8,62380
238,7020211704,A W ROOT BEER SF,2 LT,8,62370
238,7020211709,A & W ROOTBEER,3 LT,6,62720
238,7020270399,A&W RT BEER REG PPD,2 LT,8,62380
238,7020270499,A&W RT BEER DT PPD $,2 LT,8,62370
234,7084789000,EQUATOR BLUE RASP TE,16 OZ,24,58100
234,7084789001,EQUATOR COSMIC MANGO,16 OZ,24,58110
234,7084789002,EQUATOR BLK CHRY ECL,16 OZ,24,58120
234,7084789003,EQUATOR HV ST BN JUI,16 OZ,24,58130
234,7084789004,EQUATOR GUAVA BERRY,16 OZ,24,58140
234,7085939705,~BOKU SEVEN FRUIT BL,16 OZ,24,321210
234,7085939710,~BOKU WATERMELON KIW,16 OZ,24,321250
234,7085939711,~BOKU WATERMELON STR,16 OZ,24,321240
234,7085939712,BOKU WATERMELON,16 OZ,24,321230
234,7085939714,BOKU ORANGE MANGO,16 OZ,24,58520
234,7085939715,~BOKU TROPICA FRT PU,16 OZ,24,58510
233,7109105005,H & S PREM WATER,1.5 LT,12,70560
237,7143400005,VERNORS DIET GINGER,6/12OZ,4,53200
238,7143400081,VERNORS GINGER ALE,2 LT,8,53210
238,7143400085,VERNORS GINGER ALE,2 LT,4,53210
237,7143400150,VERNORS GINGER ALE,6/12OZ,4,53220
236,7143400153,$VERNORS,12/12O,2,53240
238,7143400721,VERNORS DIET GINGER,2 LT,8,53230
237,7143400725,VERNORS DIET GINGER,6/12OZ,4,53200
236,7143400804,VERNORS DIET,12/12O,2,53250
233,7143405158,ARTIC TWIST SELECT S,4/10OZ,10,64020
233,7143405159,ARTIC TWIST SELECT S,23 OZ,12,64060
233,7143409950,ARTIC TWST PREM WILD,4/10OZ,6,64000
233,7143409951,ARTIC TWIST PREMIUM,23 OZ,12,64040
238,7143418599,VERNORS GINGER ALE,2 LT,8,53210
233,7143442057,ARTIC TWST PREM WILD,4/10OZ,6,64000
233,7143442058,ARTIC TWIST PREMIUM,23 OZ,12,64040
233,7143442867,ARTIC TWST PREM WILD,4/10OZ,6,64000
233,7143442868,ARTIC TWIST PREMIUM,23 OZ,12,64040
225,7143472109,VERNORS DIET GNG/ALE,2 LT,8,53230
238,7143472599,DIET VERNORS GINGER,2 LT,8,53230
225,7143481109,VERNORS GINGER ALE P,2 LT,8,53210
233,7143481460,ARTIC TWST PREM WILD,4/10OZ,6,64000
233,7143481461,ARTIC TWIST PREMIUM,23 OZ,12,64040
237,7170210212,BARQ'S ROOT BEER,6/12OZ,4,52750
235,7170210213,BARQ'S ROOT BEER,24/12O,1,52960
236,7170210244,~BARQ'S ROOT BEER,12/12O,2,53460
236,7170210245,BARQ'S ROOT BEER,12/12O,2,52390
239,7170210320,BARQ'S RT BEER 8/20,8/20OZ,3,52150
239,7170210328,BARQ'S ROOT BEER,8/20OZ,3,52150
238,7170210367,BARQ'S ROOT BEER,2 LT,8,52410
241,7170222320,BARQ'S SINGLE PPD $.,20 OZ,24,52940
238,7170223367,BARQ'S RT BR PPD .99,2 LT,8,52410
225,7170224367,BARQ'S ROOT BEER,2 LT,1,52410
225,7170225367,BARQ'S ROOT BEER PPD,2 LT,8,52410
238,7170226367,BARQS DT PPD$.99,2 LT,8,52440
237,7170240212,BARQ DIET ROOT BEER,6/12OZ,4,52420
235,7170240213,DIET BARQS CANS,24/12O,1,53110
236,7170240244,DT BARQ'S ROOT BEER,12/12O,2,53470
236,7170240245,BARQ'S DIET ROOT BEE,12/12O,2,52400
238,7170240367,BARQ DT ROOT BEER,2 LT,8,52440
225,7170245367,DIET BARQ'S ROOTBEER,2 LT,8,52440
238,7181700021,BIG RED,2 LT,8,56340
237,7181700029,BIG RED CREME SODA,6/12OZ,4,56460
241,7181700037,BIG RED SODA,20 OZ,24,56330
235,7181704029,BIG RED,24/12O,1,56360
237,7206301217,SIOUX CITY SARSAPARI,4/12OZ,4,29210
234,7235000011,YOO-HOO CHOCOLATE DR,15.6 O,24,78280
225,7241004110,DAD'S ROOT BEER TRIA,10 OZ,24,5604
237,7241004230,DAD'S ROOT BEER AMBE,6/12OZ,4,9854000
241,7241004640,DAD'S ROOT BEER 8PK,8/20OZ,3,54490
239,7241004670,DAD'S ROOT BEER NR B,8/20OZ,3,54490
238,7241004760,DAD'S ROOT BEER,1 LT,12,56250
238,7241004950,DADS ROOT BEERPPD,2 LT,8,55200
238,7241004960,DADS ROOT BEERPPD,2 LT,8,55200
238,7241005100,DAD'S ROOT BEER,3 LT,6,56480
238,7241006950,DAD'S DIET ROOT BEER,2 LT,8,55240
238,7241006960,DIET DADS ROOT BEER,2 LT,8,55240
237,7241009310,DADS ROOT BEER CANS,6/12OZ,4,55020
236,7241009350,DADS ROOT BEER CAN,12/12O,2,54930
235,7241009360,DADS ROOT BEER,24/12O,1,54840
236,7241009370,DADS ROOT BEER CAN,12/12O,2,54930
237,7241009810,DADS ROOT BEER DIET,6/12OZ,4,55040
236,7241009850,DIET DADS ROOT BEER,12/12O,2,54940
225,7241009870,DADS ROOT BEER CAN,12/12O,2,54930
225,7241033030,DADS CREME SODA(CANS,12/12O,2,62660
225,7241053010,DADS CREME SODA PPD,2 LT,8,62640
241,7279600005,IBC ROOT BEER TRIAL,7 OZ,24,9800971
241,7279600006,IBC DIET ROOT BEER T,7 OZ,24,9800981
227,7279600008,IBC ROOT BEER MINI P,32 OZ,240,9801081
227,7279600009,I.B.C. DIET ROOT BEE,32 OZ,12,951
227,7279600015,I.B.C. CREAM SODA,32 OZ,12,971
239,7279600271,IBC ROOT BEER,6/12OZ,4,1021
239,7279600281,DIET ROOT BEER BRN B,6/12OZ,4,1041
227,7279600600,I.B.C. CHERRY COLA,6/12OZ,4,981
227,7279600700,I.B.C. BLACK CHERRY,6/12OZ,4,991
237,7279699000,I.B.C. CREAM SODA,6 CT,4,1031
227,7282760103,HOLY COW COLA,12 OZ,24,300
227,7282760104,HOLY COW CREAM SODA,12 OZ,24,304
227,7282760107,HOLY COW/LEMON LIME,12 OZ,24,310
227,7282760108,HOLY COW ORANGE,12 OZ,24,308
227,7282760110,HOLY COW ROOT BEER,12 OZ,24,306
227,7282760203,HOLY COW DIET COLA,12 OZ,24,302
227,7282760803,HOLY COW COLA,2 LT,6,320
227,7282760804,HOLY COW CREAM SODA,2 LT,6,324
227,7282760807,HOLY COW LEMON LIME,2 LT,6,330
227,7282760808,HOLY COW ORANGE,2 LT,6,328
227,7282760810,HOLY COW ROOT BEER,2 LT,6,326
227,7282760903,HOLY COW DIET COLA,2 LT,6,322
237,7297900018,SEAGRAM'S GINGER ALE,6/12OZ,4,50580
233,7297900021,SEAGRAMS GINGERALE 1,1 LT,12,50170
233,7297900022,SEAGRAMS CLUB SODA,1 LT,12,50090
233,7297900023,SEAGRAMS TONIC 1 LIT,1 LT,12,50040
238,7297900025,SEAGRAMS GINGR ALE$,2 LT,8,50560
233,7297900028,SEAGRAM'S TONIC,2 LT,8,75470
233,7297900048,SEAGRAMS REGULAR SEL,2 LT,8,75450
233,7297900140,SEAGRAM'S LEMON LIME,2 LT,8,75460
237,7297900191,SEAGRAMS RASP GINGER,6/12OZ,4,50590
238,7297900192,SGRMS RSPB GINGER AL,2 LT,8,50570
241,7297900217,SEAGRAM'S GINGER ALE,20 OZ,24,56270
241,7297900225,SEAGRAMS RASPBERRY G,20 OZ,24,56280
235,7297900264,SEAGRAM'S GINGER ALE,24/12O,1,56400
233,7336023341,LACROIX ORANGE MINER,12/12O,2,42630
233,7336023661,LA CROIX WATER N/R L,6/12OZ,4,42510
233,7336023905,LA CROIX WATER LIME,32 OZ,12,42550
233,7336032802,LCCROIX PNK GRPFRT S,6/12OZ,4,42680
233,7336032804,LACROIX PNK GRPFT SP,32 OZ,12,42690
233,7336037341,LACROIX LEMON MINERA,12/12O,2,42620
233,7336037661,LA CROIX WATER LEMON,6/12OZ,4,42520
233,7336037905,LA CROIX WATER LEMON,32 OZ,12,42560
233,7336041661,COLD SPRING SPARKLIN,6/12OZ,4,58120
233,7336041905,COLD SPRING SPARKLIN,32 OZ,12,58150
233,7336042661,COLD SPRING SPARKLIN,6/12OZ,4,58130
233,7336042905,COLD SPRING SPARKLIN,32 OZ,12,58160
233,7336061341,LACROIX ORANGE MINER,12/12O,2,42630
233,7336061661,LA CROIX WATER ORANG,6/12OZ,4,42530
233,7336061905,LA CROIX WATER ORANG,32 OZ,12,42570
233,7336062905,COLD SPRING SPRKNG O,32 OZ,12,58170
233,7336069661,COLD SPRING SPARKLIN,6/12OZ,4,58090
233,7336069905,COLD SPRING SPARKLIN,32 OZ,12,58100
233,7336070341,LACROIX NATURAL MINE,12/12O,2,42600
233,7336070661,LA CROIX WATER REG.,6/12OZ,4,42500
233,7336070751,LACROIX NATURAL MINE,12/12O,2,42600
233,7336070905,LA CROIX WATER REGUL,32 OZ,12,42540
234,7336070907,ARIZONA PEACH TEA BT,20 OZ,24,57960
234,7336070910,ARIZONA ICED TEA DIE,16 OZ,24,50350
234,7336070915,ARIZONA ICED TEA TRO,16 OZ,24,50360
234,7336070916,ARIZONA RASPBERRY IC,20 OZ,24,50250
234,7336070918,ARIZONA DT LEMON ICE,20 OZ,24,50240
234,7336070919,ARIZONA LEMON ICED T,20 OZ,24,50230
234,7336070922,ARIZONA STRAWBERRY P,20 OZ,24,50260
234,7336070924,ARIZONA MUCHO MANGO$,20 OZ,24,50270
234,7336070925,ARIZONA MUCHO MANGO,24 OZ,24,57930
234,7336070938,ARIZONA PINK LEMONAD,24 OZ,24,50290
234,7336070940,ARIZONA PEACH TEA BT,20 OZ,24,57960
234,7336070943,ARIZONA TEA WITH GIN,20 OZ,24,57940
234,7336070948,ARIZONA GRAPE KIWI C,24 OZ,24,57950
234,7336070953,"ARIZONA GINSENG ""OIL",25.4OZ,24,50280
234,7336070958,ARIZONA DECAF LIGHT,20 OZ,24,50400
234,7336070968,ARIZONA CHOCOLATE CO,19 OZ,24,57990
234,7336070972,ARIZONA ROOT BEER FL,19 OZ,24,57970
234,7336070974,ARIZONA VANILLA COLA,19 OZ,24,57980
234,7336070991,ARIZONA CHRY CHOCOLA,19 OZ,24,57950
234,7336070997,ARIZONA PINA COLADA,20 OZ,24,57960
234,7336071016,ARIZONA GREEN TEA W/,20 OZ,24,57930
234,7336071018,ARIZONA LEMON TEA,16 OZ,12,51060
233,7336074341,LACROIX BERRY MINERA,12/12O,2,42610
233,7336074661,LA CROIX 6 PK NR BTL,6/12OZ,6,42590
233,7336074935,LA CROIX WATER BERRY,32 OZ,12,42580
233,7336084102,LA CROIX WILD CHERRY,32 OZ,12,42650
233,7336084103,LACROIX CHERRY SPARK,6/12OZ,4,42640
233,7336084107,LACROIX WILD CHRY SP,12/12O,2,42660
238,7370700005,GREEN RIVER DIET,2 LT,8,62570
238,7370700006,GREEN RIVER REG,2 LT,8,62560
237,7370700008,GREEN RIVER REG,6/12OZ,4,62580
237,7370700009,GREEN RIVER DIET,6/12OZ,4,62590
225,7380000002,FAYGO GRAPE SODA,16 OZ,24,7512
225,7380000003,FAYGO RED SODA,16 OZ,24,7509
225,7380000005,FAYGO ROOT BEER,16 OZ,24,75110
225,7380000006,FAYGO FRUIT PUNCH,16 OZ,24,7514
225,7380000009,FAYGO CHERRY COLA,16 OZ,24,7513
225,7380000016,FAYGO DIET ROOT BEER,16 OZ,24,7507
225,7380000019,FAYGO DIET ORANGE SO,16 OZ,24,7502
225,7380000020,FAYGO DIET RED SODA,16 OZ,24,7500
225,7380000021,FAYGO DIET FROSH,16 OZ,24,7501
225,7380000024,FAYGO DIET CHOCOLATE,16 OZ,24,75030
225,7380000026,FAYGO DIET CHERRY-BE,16 OZ,24,7506
225,7380000032,FAYGO DIET LEMON LIM,16 OZ,24,7515
225,7380000056,FAYGO DIET PASSION P,16 OZ,24,7508
225,7380000057,FAYGO DIET PINEAPPLE,16 OZ,24,7504
225,7380000059,FAYGO ORANGE SODA,16 OZ,24,7510
233,7478000000,PERRIER BERRY NR,25 OZ,12,57880
233,7478000001,PERRIER WATER N/R,6/6.5O,4,57830
233,7478000005,PERRIER WATER N/R,25 OZ,12,57810
233,7478000006,PERRIER REGULAR,4/11OZ,6,57030
233,7478000007,PERRIER N.R.W-LEMON,25 OZ,12,57850
233,7478000009,PERRIER LIME WATER,25 OZ,12,57870
233,7478000020,PERRIER LEMON,4/11OZ,6,57050
225,7478000021,PERRIER WATER W/LEMO,6/6.5O,4,5784
225,7478000023,PERRIER WATER W/ORAN,6/6.5O,4,5791
233,7478000024,PERRIER LIME,4/11OZ,6,57040
233,7478000033,PERRIER WATER N/R,25 OZ,12,57810
225,7478000057,PERRIER WATER W/BERR,6/6.5O,4,5789
233,7478010520,PERRIER REG WATER/AR,25 OZ,12,57910
233,7478010521,PERRIER LEMON WATER/,25 OZ,12,57900
233,7478010522,PERRIER LIME WATER/A,25 OZ,12,57890
238,7480000021,$CANFIELD DIET SWISS,2 LT,8,59140
233,7514000031,C/G REG SPRK MINERAL,3 LT,12,77480
233,7514000032,C/G LEM SPRK MINERAL,3 LT,12,77490
233,7514000033,C/G ORG SPRK MINERAL,3 LT,12,77510
233,7514000034,C/G LIME SPKLNG MIN,3 LT,12,77520
234,7514000061,CRYSTL GYSR MTN SPRN,6/10OZ,4,77320
234,7514000062,CRYSTL GYSR MTN SPRN,6/10OZ,4,77340
234,7514000063,CRYSTAL GEYSER SP LN,6/10OZ,4,77300
234,7514000064,CRYTL GYSR MTN SPRNG,6/10OZ,4,77280
234,7514000067,CRYSTAL GEYSER WILD,6/10OZ,4,77420
225,7514000075,CRYSTL GYSR BKCH CDR,6/10OZ,4,7742
233,7514000141,CRYSTAL GEY SPK MIN,23 OZ,12,77350
233,7514000142,CRYSTAL GEY SPK MIN,23 OZ,12,77370
233,7514000144,CRSTAL GEY SPK MIN W,23 OZ,12,77360
225,7514000145,CG SPRKLNG WTR COLA,23 OZ,12,77390
225,7514000146,CG SPRKLNG WATER CHE,23 OZ,12,77380
233,7514000301,C/G WILD BERRY JUICE,23.9 O,12,29530
233,7514000302,C/G PINK LEMONADE JC,23.9OZ,12,29550
233,7514000303,C/G PASSION MANGO JU,23.9OZ,12,29570
233,7514000305,C/G MTN RASPBERRY JU,23.9OZ,12,29560
233,7514000306,C/G RUBY GRAPEFRUIT,23.9 O,12,29540
233,7514000500,CRYSTAL GEYSER ALPN,1.5 LT,12,77400
225,7514000503,ALPINE WATER TRIAL S,12 OZ,96,77410
234,7514000612,CRYSTAL GEYSER CRAN/,23 OZ,12,77770
234,7514000614,CRYSTAL GEYSER KIWI,23 OZ,12,77750
234,7514000615,CRYSTAL GEYSER BLK C,23 OZ,12,77760
234,7514004601,MTN.SPR. SPARKLE PEA,4/10OZ,6,77700
234,7514004602,CRYSTL GYSR MTN SPG,4/10OZ,6,77690
234,7514004603,MTN SPR SPKL VANILLA,4/10OZ,6,77730
234,7514004604,MTN SPR SPKL KIWI LE,4/10OZ,6,77720
234,7514004605,MTN SPR SPKL BLACK C,4/10OZ,6,77710
234,7514006502,CRYSTAL GEYSER ALPIN,6/.5 L,4,77560
225,7514006503,CRYSTAL GEYSER ALPIN,6/.5 L,4,77560
233,7540300005,PERRIER W/LIME TWIST,25 OZ,12,57870
233,7540300006,PERRIER N.R.W-LEMON,25 OZ,12,57850
233,7572000001,POLAND SPRING SPARKL,1 LT,12,58040
233,7572000020,POLAND SPRING ORANGE,1 LT,12,58030
233,7572000030,POL SPRINGS SPARK LI,1 LT,12,58020
233,7572000040,POL SPRINGS SPARK LE,1 LT,12,58010
233,7572000050,POL SPRINGS SPARK CH,1 LT,12,58000
233,7572000071,POLAND SPRINGS MINER,1.5 LT,12,70650
233,7576000008,SYFO NS LEMON/LIME S,1 LT,12,57980
234,7618300356,SNAPPLE PEACH TEA,12/16O,2,9871940
234,7618300363,SNAPPLE KIWI STRAWBE,12/16O,2,9871900
234,7618300369,SNAPPLE PINK LEMONAD,12/16O,2,9871920
234,7618300374,SNAPPLE LEMON TEA,12/16O,2,9871960
234,7618312363,SNAPPLE STRAW-KIWI C,6/12OZ,4,71870
234,7618312369,SNAPPLE PINKLEMONADE,6/12OZ,4,71880
234,7618312372,SNAPPLE FRUITPUNCH C,6/12OZ,4,71890
234,7618312374,SNAPPLE ICED TEA CAN,6/12OZ,4,71850
234,7618312378,SNAPPLE RASPBERRY CA,6/12OZ,4,71860
234,7618316018,DIET SNAPPLE CRNBRY\,16 OZ,24,71450
234,7618316301,SNAPPLE CHERRY LEMON,16 OZ,24,71720
234,7618316302,SNAPPLE BALI BLAST,16 OZ,24,71680
234,7618316303,SNAPPLE CANTALOPE CO,16 OZ,24,71700
234,7618316304,SNAPPLE JUST PLAIN T,16 OZ,24,70140
234,7618316305,~SNAPPLE DECAFFINATE,16 OZ,24,70100
234,7618316306,SNAPPLE PASSION FRUI,16 OZ,24,72180
234,7618316307,~SNAPPLE JUST PL UNS,16 OZ,24,71330
234,7618316319,SNAPPLE PAPAYA COLAD,16 OZ,24,71730
234,7618316325,SNAPPLE KIWI STRAW S,16 OZ,24,70370
234,7618316330,$SNAPPLE FR CHERRY,16 OZ,24,71320
234,7618316335,SNAPPLE TRU RT BEER,16 OZ,24,71310
234,7618316343,SNAPPLE RASP ROYALE,16 OZ,24,71290
234,7618316356,SNAPPLE PEACH TEA,16 OZ,24,71360
234,7618316357,SNAPPLE DT PCH TEA,16 OZ,24,71410
234,7618316358,~SNAPPLE STRAWBERRY,16 OZ,24,71430
234,7618316359,~SNAPPLE,MELONB,24,71570
234,7618316361,SNAPPLE STRAWBERRY I,16 OZ,24,71550
234,7618316363,SNAPPLE STRAW KIWI,16 OZ,24,71400
234,7618316364,SNAPPLE MANGO MADNES,16 OZ,24,71470
234,7618316367,SNAPPLE MINT ICE TEA,16 OZ,24,71530
234,7618316368,SNAPPLE DIET RASP IC,16 OZ,24,71490
234,7618316369,SNAPPLE PINK LEMONAD,16 OZ,24,71420
234,7618316370,SNAPPLE LEMONADE,16 OZ,24,71440
234,7618316371,SNAPPLE ORANGEADE,16 OZ,24,71460
234,7618316372,SNAPPLE PUNCH,16 OZ,24,71380
234,7618316373,SNAPPLE GRAPEADE,16 OZ,24,71480
234,7618316374,SNAPPLE ICED TEA,16 OZ,24,71500
234,7618316376,SNAPPLE DIET ICED TE,16 OZ,24,71520
234,7618316378,SNAPPLE RASPBERRY IC,16 OZ,24,71540
234,7618316379,SNAPPLE ORANGE ICED,16 OZ,24,71560
234,7618316382,SNAPPLE PUNCH,16 OZ,24,71330
234,7618316385,SNAPPLE OLD FASHIONE,16 OZ,24,71450
234,7618316386,SNAPPLE GUAVA MANIA,16 OZ,24,70340
234,7618316387,SNAPPLE MANGO ICED T,16 OZ,24,70350
234,7618316388,SNAPPLE DIET PINK LE,16 OZ,24,70360
234,7618316389,~SNAPPLE DIETMANGO M,16 OZ,24,70120
234,7618316390,SNAPPLE DIET STRAWBE,16 OZ,24,71620
234,7618316398,SNAPPLE APPLE PIE CI,16 OZ,24,9871710
234,7618316399,SNAPPLE PEACH MELBA,16 OZ,24,9871730
234,7618316400,SNAPPLE BLACK CHERRY,16 OZ,24,9871750
234,7618316406,SNAPPLE PEACH LEMONA,16 OZ,24,71670
234,7618316422,SNAPPLE SAMOAN SPLAS,16 OZ,24,71710
234,7618317363,SNPPLE KIWI STRWBR 4,4 PACK,6,70470
234,7618317364,SNAPPLE MNGO MDNESS,4 PACK,6,70460
234,7618317369,SNPL PNK LM ICE TEA4,4 PACK,6,70450
234,7618317374,SNAPPLE TEA 4/15.5 O,4 PACK,6,70430
234,7618317378,SNPPLE RSPBRRY TEA 4,4 PACK,6,70440
234,7618332302,SNAPPLE BALI BLAST,32 OZ,12,71650
234,7618332356,SNAPPLE PEACH TEA,32 OZ,12,70160
234,7618332363,SNAPPLE KIWI-STRAWBE,32 OZ,12,71640
234,7618332364,SNAPPLE MANGO MADNES,32 OZ,12,71590
234,7618332369,SNAPPLE PINK LEMONAD,32 OZ,12,71660
234,7618332370,SNAPPLE LEMONADE,32 OZ,12,71580
234,7618332372,SNAPPLE FRUIT PUNCH,32 OZ,12,71690
234,7618332374,SNAPPLE TEA,32 OZ,12,71600
234,7618332376,SNAPPLE DIET ICED TE,32 OZ,12,71620
234,7618332378,SNAPPLE RASPBERRY TE,32 OZ,12,71610
234,7673790000,SUNDANCE LT KIWI STR,23 OZ,12,59720
234,7673790001,SUNDANCE LT RASP,23 OZ,12,59700
234,7673790002,SUNDANCE LT BERRY,23 OZ,12,59710
237,7686000000,WELCH GRAPE,6/12OZ,4,52480
237,7686000002,WELCH'S STRAWBERRY,6/12OZ,4,52490
225,7686000010,WELCH'S SODA PP$1.09,2 LT,8,52610
235,7686000020,WELCH'S GRAPE SODA,24/12O,1,52760
238,7686000078,WELCH'S GRAPE PP,2 LT,8,52610
238,7686000082,WELCH'S STRAWBERRY P,2 LT,8,52620
238,7686000235,WELCHS SODA,2 LT,8,52610
238,7686000251,WELCH'S STRAWBERRY P,2 LT,8,52620
225,7686000276,WELCH'S SODA POP $,12/12O,2,52190
225,7686000282,WELCH'S SODA PP$1.09,2 LT,8,52610
235,7686000347,WELCH'S STRAWBERRY S,24/12O,1,52770
233,7720800034,MOUNTAIN VALLEY WATE,3 LT,12,3405000
233,7720800150,MOUNTAIN VALLEY WATE,1.5 LT,12,71050
233,7746000012,CHAPELLE PEACH,23 OZ,12,71720
233,7746000015,CHAPELLE PEACH,23 OZ,12,71720
233,7746000022,CHAPELLE PEAR,4/9 OZ,6,71670
233,7746000023,CHAPELLE PEACH,4/9 OZ,6,71660
233,7746000025,CHAPELLE PLUM,4/9 OZ,6,71690
233,7746000026,CHAPELLE RASPBERRY,4/9 OZ,6,71680
233,7746000027,CHAPELLE PLUM,23 OZ,12,71750
234,7746000028,CHAPELLE RASPBERRY,23 OZ,12,71740
233,7746000029,CHAPELLE RASPBERRY,4/9 OZ,6,71680
233,7746000037,CHAPELLE PEACH,4/9 OZ,6,71660
233,7746000039,CHAPELLE PLUM,4/9 OZ,6,71690
233,7746000044,CHAPELLE CHERRY,23 OZ,12,71700
233,7746000045,CHAPELLE CHERRY,4/9 OZ,6,71640
237,7747000000,A W CREAM SODA REG,6/12OZ,4,61570
237,7747000001,A W CREAM SODA DIET,6/12OZ,4,61580
236,7747010101,A & W CREAM SODA,12/12O,2,61480
225,7747010102,A & W CREAM SODA DIE,12/12O,2,61470
235,7747010105,A&W CREAM SODA,24/12O,1,62830
238,7747010201,A W CREAM REG,2 LT,8,62340
238,7747010202,A W CREAM DIET,2 LT,8,62360
241,7747010313,A&W CREAM SODA,20 OZ,24,63940
238,7747020199,A&W CREAM SODA PPD $,2 LT,8,62340
238,7747020299,A&W DIET CREAM SODA,2 LT,8,62360
239,7800000021,7-UP N.R. BOTTLES,6/16OZ,4,58320
238,7800000028,SEVEN-UP 1 LITER,1 LT,12,57750
238,7800000034,SEVEN-UP N/R,2 LT,8,57600
237,7800000038,SEVEN-UP CANS,6/12OZ,4,57200
239,7800000062,DT 7-UP 6/16 NRS,6/16OZ,4,58330
238,7800000075,SEVEN-UP DIET,2 LT,8,57610
237,7800000079,SEVEN-UP DIET CANS,6/12OZ,4,57210
239,7800000103,7-UP N.R. BOTTLES,8/20OZ,3,58320
239,7800000109,DIET 7-UP N.R. BOTTL,8/20OZ,3,58330
238,7800000144,7 UP,3 LITE,6,50790
236,7800000148,SEVEN-UP CANS,12/12O,2,57260
224,7800000149,DIET SEVEN-UP CANS,12/12O,2,57270
239,7800000159,DIET 7-UP N.R. BOTTL,6/20 O,3,58330
239,7800000161,7-UP N.R. BOTTLES,8/20OZ,3,58320
239,7800000162,DIET 7-UP N.R. BOTTL,8/20OZ,3,58330
237,7800000530,SEVEN-UP CHERRY,6/12OZ,4,58360
238,7800000531,CHERRY 7-UP,2 LT,8,57680
225,7800000542,SEVEN/UP CHERRY,12/12O,2,58340
238,7800000544,CHERRY 7-UP,2 LT,8,57680
235,7800000551,CHERRY 7 UP,24/12O,1,62640
241,7800000825,ALL SELECT BEVERAGE,16 OZ,24,57310
237,7800000830,SEVEN-UP DIET CHERRY,6/12OZ,4,58370
238,7800000831,DIET CHERRY 7-UP,2 LT,8,57690
225,7800000842,SEVEN-UP DIET CHERRY,12/12O,2,58350
238,7800000844,DIET CHERRY 7-UP,2 LT,8,57690
236,7800001003,SEVEN-UP CANS,12/12O,2,57260
236,7800001006,DIET 7UP 15PK,15/12O,2,57270
225,7800001015,SEVEN-UP (RET),8/16OZ,3,57310
236,7800001080,SEVEN-UP CANS,12/12O,2,57260
225,7800001103,SEVEN-UP DIET RET,8/16OZ,3,57320
236,7800001168,DIET SEVEN-UP CANS,12/12O,2,57270
235,7800001214,7-UP,24/12O,1,62600
235,7800001234,DIET 7-UP,24/12O,1,62610
236,7800005101,SEVEN/UP CHERRY,12/12O,2,58340
236,7800005118,SEVEN/UP CHERRY,12/12O,2,58340
236,7800008101,SEVEN-UP DIET CHERRY,12/12O,2,58350
236,7800008118,DIET CHRY 7UP 12+3,15/12O,2,58350
225,7802310180,NATURALE 90 LEM/LIME,10 OZ,24,76030
225,7802310181,NATURALE 90 GRPFRT/L,10 OZ,24,76040
225,7802310182,NATURALE 90 GINGER S,10 OZ,24,76070
241,7802310183,NATURALE 90 BLACKCHE,10 OZ,24,76010
225,7802310184,NATURALE 90 FRUIT PU,10 OZ,24,76020
241,7802310185,NATURALE 90 RASPNERR,10 OZ,24,76000
241,7802310187,NATURALE 90 ROOTBEER,10 OZ,24,76050
225,7802310188,NATURALE 90 COLA SOD,10 OZ,24,76060
225,7802310189,NATURALE 90 CREAM SO,10 OZ,24,76080
225,7802310191,NATURALE 90 APPLE SO,10 OZ,24,76090
225,7802310194,NAT 90 ORANGE SODA,10 OZ,24,76250
225,7802310200,NAT 90 CHOCOLATE SOD,10 OZ,24,29290
234,7802316148,NATURAL 90 DIET RASP,16.0,24,34140
234,7802316149,NATURAL 90 DIET BLK,16.0,24,34120
234,7802316151,NATURAL 90 RASP,16.0 O,24,34110
234,7802316152,NATURAL 90 BLK CHRY,16.0 O,24,34100
234,7802316155,NATURALE 90 ROOTBEER,16.0,24,34130
233,7802328260,NATURALE 90 LEMON/LI,28 OZ,12,76120
233,7802328263,NATURALE 90 BLK CHER,28 OZ,12,76110
233,7802328264,NATURALE 90 DIET BLK,28 OZ,12,76140
233,7802328265,NATURALE 90 RASPBERR,28 OZ,12,76100
233,7802328267,NAT 90 ROOTBEER SODA,28 OZ,12,29200
233,7802328269,NATURALE 90 CREAM SO,28 OZ,12,76130
225,7802328272,NAT 90 ORANGE SODA,28 OZ,12,76240
241,7802341026,NATURALE 90 RASPBERR,10 OZ,24,76000
241,7802341027,NATURALE 90 BLACKCHE,10 OZ,24,76010
241,7802341030,NATURALE 90 ROOTBEER,10 OZ,24,76050
241,7802342626,NAT 90 DIET RASBERRY,10 OZ,24,76160
241,7802342627,NATURALE 90 DIET BLK,10 OZ,24,76150
241,7802342628,NAT 90 DIET CREAM SO,10 OZ,24,76200
241,7802348526,NAT 90 DIET RASBERRY,10 OZ,24,76160
241,7802348527,NATURALE 90 DIET BLK,10 OZ,24,76150
225,7802348528,NAT 90 DIET FRUIT PU,10 OZ,24,76230
225,7802348529,NAT 90 DIET GINGER A,10 OZ,24,76180
225,7802348530,NAT 90 DIET LEMON/LI,10 OZ,24,76170
225,7802348531,NAT 90 DIET COLA,10 OZ,24,76190
225,7802348532,NAT 90 DIET ROOT BEE,10 OZ,24,76220
241,7802348533,NAT 90 DIET CREAM SO,10 OZ,24,76200
225,7802348534,NAT 90 DIET ORANGE S,10 OZ,24,76210
225,7802348535,NAT 90 DIET CHOC SOD,10 OZ,24,29300
234,7818000004,EVERLAST LEMON LIME,16 OZ,24,323100
234,7818000005,EVERLAST ORANGE,16 OZ,24,321120
234,7818000006,EVERLAST MIXED BERRY,16 OZ,24,321140
234,7818000010,EVERLAST LEMON LIME,32 OZ,12,321000
234,7818000011,EVERLAST ORANGE,32 OZ,12,321020
234,7818000012,EVERLAST MIXED BERRY,32 OZ,12,321040
234,7818000013,EVERLAST MIXED BERRY,32 OZ,12,321040
237,7833577741,CORR COLA NATURAL S,6/12OZ,4,53070
237,7833577742,CORR GINSENG RUSH NA,6/12OZ,4,53010
237,7833577743,CORR NAT LEMON LIME,6/12OZ,4,53050
237,7833577744,CORR ROOT BEER NATUR,6/12OZ,4,53060
237,7833577745,CORR LEMON TANG NAT,6/12OZ,4,53040
237,7833577746,CORR MANDARIN ORANGE,6/12OZ,4,53030
225,7833577747,CORR GRAPEFRT NATRL,6/12OZ,4,71540
237,7833577748,CORR BLCK CHERRY NAT,6/12OZ,4,53020
237,7833577749,CORR RASPBRRY NATURA,6/12OZ,4,71510
225,7833577784,CORRS WHTE CHOC. NAT,6/12OZ,4,53000
225,7833577785,CORR RASPBRY CHOC NA,6/12OZ,4,71520
225,7833577786,CORR DRK CHOCOLATE N,6/12OZ,4,71500
225,7840000017,CANFIELD FRUIT PUNCH,16 OZ,24,50890
238,7840000021,$CANFIELD DIET SWISS,2 LT,8,59140
233,7840000022,CANFIELDS LEMON SELT,1 LT,12,51620
233,7840000035,CANFIELD RASPBERRY S,1 LT,12,51930
233,7840000036,CANFIELD CRANBERRY S,1 LT,12,51940
233,7840000038,CANFIELD SELTZER,6/10OZ,4,51300
233,7840000039,CANFIELD LIME SELTZE,6/10OZ,4,51980
233,7840000040,CANFIELD LIME SELTZE,1 LT,12,51920
238,7840000041,CANFIELD 50/50 DIET/,2 LT,8,51570
233,7840000042,CANFIELDS LEMON SELT,2 LT,8,51520
233,7840000043,CANFIELD SELTZER,2 LT,8,51590
233,7840000044,CANFLD'S SELTZER WIT,2 LT,8,51510
225,7840000045,CANFIELD STRAWBERRY,16 OZ,24,50920
225,7840000046,CANFIELD GRAPE,16 OZ,24,50910
225,7840000048,CANFIELD CHOC FUDGE,16 OZ,24,5107
225,7840000049,CANFIELD DRFT ROOT B,16 OZ,24,51080
225,7840000052,CANFIELD ROOT BEER,16 OZ,24,50880
225,7840000053,CANFIELD RED POP DIE,16 OZ,24,51100
225,7840000054,CANFIELD SWISS CREME,16 OZ,24,5105
240,7840000055,CANFIELD 50/50,1 LT,12,51630
240,7840000056,CANFIELD GINGER ALE,1 LT,12,78250
240,7840000057,CANFIELD CLUB SODA,1 LT,12,78260
240,7840000058,CANFIELD TONIC,1 LT,12,78270
225,7840000063,CANFIELD HAWAIIAN PI,16 OZ,24,5084
233,7840000064,CANFIELD CHERRY SELT,2 LT,8,59120
225,7840000065,CANFIELD DIET ROOT B,2 LT,8,51560
225,7840000071,CANFIELD CHOC FUDGE,2 LT,8,5142
233,7840000072,CANFIELD CITRUS SELT,2 LT,8,59100
238,7840000079,CANFIELD SELTZER RAS,2 LT,8,51450
233,7840000080,CANFIELDS S/F NAT MN,1 LT,12,51680
238,7840000085,CANFIELD 50/50 N/R,2 LT,8,51430
238,7840000086,CANFIELD GINGER ALE,2 LT,8,51440
238,7840000089,CANFIELD COLA NR,2 LT,8,51460
238,7840000092,CANFIELD DRAFT ROOT,2 LT,8,51550
225,7840000093,CANFIELD COLA,16 OZ,24,50860
225,7840000094,CANFIELD GINGER ALE,16 OZ,24,50850
225,7840000095,CANFIELD WATERMELON,16 OZ,24,50900
225,7840000096,CANFIELD COLA DIET,16 OZ,24,5104
238,7840000097,CANFIELD DIET COLA N,2 LT,8,51500
240,7840000098,CANFIELD TONIC WATER,2 LT,8,51600
238,7840000099,CANFIELD SWISS CREME,2 LT,8,51610
238,7840000103,CANFIELDS PINK 50/50,2 LT,8,50600
225,7840000106,UPTOWN LEMON LIME SO,2 LT,8,51530
233,7840000110,CANFIELD'S SELTZER,6/16OZ,4,51000
233,7840000113,CANFIELD'S LIME SELT,6/16OZ,4,51020
233,7840000116,CANFIELD'S LEMON SEL,6/16OZ,4,51040
233,7840000122,CANFIELD'S RASP SELT,6/16OZ,4,51080
238,7840000126,CANFIELDS SW CRM RAS,2 LT,8,50630
241,7840000141,CANFIELD GINGER ALE,20 OZ,24,50750
241,7840000143,CANFIELD 50/50 N.R.,20 OZ,24,50700
241,7840000145,CANFILED HULA PUNCH,20 OZ,24,50710
241,7840000155,CANFIELD STRAWBERRY,20 OZ,24,50720
241,7840000157,CANFIELD GRAPE N.R.,20 OZ,24,50740
241,7840000165,CANFIELD JUICY PEACH,20 OZ,24,50730
235,7840000177,CANFIELD FUN PACK,24/12O,1,50380
238,7840000179,CLEARLY CANFIELD PEA,2 LT,8,50600
234,7840000181,CLEARLY CANFIELD WIL,2 LT,8,50610
233,7840000183,CLEARLY CANFIELD RAS,2 LT,8,50620
234,7840000185,CLEARLY CANFIELD BLA,2 LT,8,50640
238,7840000187,CLEARLY CANFIELD LIM,2 LT,8,50630
234,7840000193,CLEAR CANFIELDS PEAC,20 OZ,24,50650
234,7840000195,CLEAR CANFIELDS WILD,20 OZ,24,50660
234,7840000197,CLEAR CANFIELDS RASP,20 OZ,24,50670
234,7840000199,CLEAR CANFIELDS BLAC,20 OZ,24,50680
238,7840000211,CANFIELD'S DRAFT ROO,3 LT,6,50840
238,7840000213,CANFIELD'S 50/50,3 LT,6,50800
235,7840000215,CANFIELD'S HOLIDAY P,24/12O,1,9800500
238,7840000237,CANFIELDS BLACK CHER,2 LT,8,50620
238,7840000241,CANFIELDS KIWI STRAW,2 LT,8,50610
233,7840000257,CANFIELD'S SELTZER,6/20 O,4,51000
233,7840000259,CANFIELD LIME SELTZE,6/20 O,4,50910
233,7840000261,CANFIELD'S LEMON SEL,6/20 O,4,51040
233,7840000263,CANFIELDS RASPBERRY,6/20 O,4,50930
233,7840000265,CANFIELDS CITRUS SEL,6/20 O,4,50940
233,7840000267,CANFIELD SELTZER CHE,6/20 O,4,50950
238,7840000271,CANFIELD LEMONADE,2 LTRE,8,73310
238,7840000273,CANFIELD COLA 3LITER,3 LT,6,73360
237,7840000700,CANFIELD JUICE 50/50,6/12OZ,4,51360
225,7840000701,CANFIELD GINGER ALE,6/12OZ,4,52000
237,7840000703,CANFIELD COLA,6/12OZ,4,51330
201,7840000706,TOSTITOS SHARP NACHO,18 OZ,6,5153
237,7840000708,CANFIELD SWISS CREME,6/12OZ,4,51220
237,7840000710,CANFIELD ROOT BEER,6/12OZ,4,51340
237,7840000713,CANFIELDS BLACK CHER,6 CT,4,51140
237,7840000715,CANFIELDS PINK 50/50,6/12OZ,4,51120
237,7840000719,CANFIELDS KIWI STRAW,6/12OZ,4,51130
237,7840000725,CANFIELD LEMONADE,6/12OZ,4,73300
237,7840000726,CANFIELDS SW CRM RAS,6 CT,4,51150
233,7840000730,CANFIELDS SELTZER,6/12OZ,4,51390
233,7840000732,CANFIELDS LIME SELTZ,6/12OZ,4,51410
233,7840000734,CANFIELDS LEMON SELT,6/12OZ,4,51400
237,7840000736,CANFIELDS CRANBERRY,6/12OZ,4,51840
233,7840000738,CANFIELDS RASPBERRY,6/12OZ,4,51860
237,7840000750,CANFIELD 50/50 DIET,6/12OZ,4,52010
225,7840000751,CANFIELD GINGER ALE,6/12OZ,4,51320
237,7840000753,CANFIELD COLA DIET C,6/12OZ,4,51280
237,7840000758,CANFIELD SWISS CREME,6/12OZ,4,51250
237,7840000760,CANFIELD DIET ROOT B,6/12OZ,4,51260
237,7840000764,CANFIELD FUDGE DIET,6/12OZ,4,51270
237,7840000774,$CANFIELD DT CHRY CH,6/12OZ,4,51310
225,7840000784,CNFLD DIET PEANUT CH,6/12OZ,4,5116
227,7840000910,WLDWD RT BEER,12 OZ,24,361
236,7840007700,CANFIELD 50/50,12/12O,2,52050
236,7840007703,CANFIELD COLA,12/12O,2,52020
225,7840007753,CANFIELDS DIET COLA,12/12O,2,52030
236,7840007764,CANFIELD CHOCOLATE F,12/12O,2,52040
235,7840008800,CANFIELD 50/50,24/12O,1,50390
235,7840008803,CANFIELDS COLA 24PK,24/12O,1,50360
235,7840008853,CANFIELDS DIET COLA,24/12O,1,50370
227,7840008900,WLWD FULL CASE CODE,24/12O,1,10
227,7840080901,WLDWD GINGER ALE,2 LT,6,21
227,7840090003,GENERIC COLA,2 LT,6,1951
227,7840090007,GENERIC LEMON LIME,2 LT,6,1991
227,7840090009,GENERIC ORANGE,2 LT,6,2001
227,7840090010,GENERIC ROOTBEER,2 LT,6,1961
227,7840090012,GENERIC GRAPE,2 LT,6,1971
227,7840090018,GENERIC RED POP,2 LT,6,2021
227,7840090053,GENERIC DIET COLA,2 LT,6,1981
233,7910332014,PENAFIEL MINERAL WAT,11.5OZ,24,29370
233,7910332024,PENAFIEL APPLE WATER,11.5OZ,24,29310
233,7910332034,PENAFIEL STRWB MINER,11.5OZ,24,71240
233,7910332064,PENAFIEL PEACH WATER,11.5OZ,24,29350
233,7910332074,PENAFIEL LEMON WATER,11.5OZ,24,29360
225,7910332075,PENAFIEL MANDARIN WA,11.5OZ,24,29320
225,7910332076,PENAFIEL APPLE WATER,11.5 O,24,29310
225,7910332082,PENAFIEL GRAPEFRUIT,11.5OZ,24,29340
233,7910332084,PENAFIEL LEMON WATER,11.5OZ,24,29360
233,7910332091,PENAFIEL SANG MINERA,11.5OZ,24,71340
233,7910332096,PENAFIEL STRWB MINER,11.5OZ,24,71240
233,7910332097,PENAFIEL SANG MINERA,11.5OZ,24,71340
233,7923400007,PERRIER W/ORGNE TWIS,25 OZ,12,57860
233,7929800005,EVIAN NON-CARB SPRIN,1.5 LT,12,70610
233,7929800007,EVIAN NON-CARB SPRIN,1 LT,12,70630
233,7929800008,EVIAN SPRING WATER,.5 LT,24,70640
233,7929800017,EVIAN NON-CARB SPRIN,6/11.2,4,70620
233,7929811261,EVIAN MVP FULL CASE,24/.33,1,70590
233,8071797015,KOALA SPRNGS ORNG/MN,4/9.6O,6,29880
233,8071797025,KOALA SPRNGS ORNG/PS,4/9.6O,6,29900
233,8071797030,"KOALA SPRNGS LMN,LME",4/9.6O,6,29890
237,8381700054,KAYO,6/11.5,4,51130
234,8381704001,KAYO CHOCOLATE DRNK,15.5 O,24,50080
237,8390000001,NESTEA 6PK CANS,6/12OZ,4,63200
237,8390000002,NESTEA DIET 6PK CANS,6/12OZ,4,63220
234,8390000003,NESTEA BOTTLE,16 OZ,24,63240
234,8390000004,DIET NESTEA BOTTLE,16 OZ,24,63260
234,8390000005,NESTEA RASPBERRY TEA,16 OZ,24,53130
234,8390000006,NESTEA PEACH TEA SIN,16 OZ,24,53140
234,8390000007,NESTEA TROPICAL TEA,16 OZ,24,53150
234,8390000008,NESTEA APPLE SPICE S,16 OZ,24,53160
237,8390000031,NESTEA COOL,6/12OZ,4,53320
238,8390000037,NESTEA COOL,2 LT,8,52710
235,8390000152,NESTEA COOL,24/12O,1,53300
241,8390000182,NESTEA COOL,20 OZ,24,54600
225,8499400037,OLD CHICAGO ALMND CR,6/10OZ,4,29750
225,8499400038,OLD CHICAGO WLD BRY,6/10OZ,4,29760
234,8700050679,QUEST RASPBERRY 4PKS,4/10OZ,6,71770
234,8700050682,QUEST TANGERINE LIME,4/10OZ,6,71780
234,8700050685,QUEST PEACH CITRIS 4,4/10OZ,6,71810
234,8700050688,QUEST BLACK CHERRY 4,4/10OZ,6,71790
234,8700050690,QUEST RASPBERRY,23 OZ,12,71820
234,8700050692,QUEST TANG-LIME,23 OZ,12,71830
234,8700050694,QUEST BLACK CHERRY,23 OZ,12,71840
234,8700050696,QUEST PEACH,23 OZ,12,71800
234,8700050748,2 CALORIE QUEST STRA,23 OZ,12,70900
234,8700050752,2 CALORIE QUEST LEMO,23 OZ,12,70910
234,8700050757,QUEST BLACK CHERRY,16 OZ,24,70740
234,8700050758,QUEST LEMON LIME,16 OZ,24,70780
234,8700050759,QUEST PEACH CITRUS,16 OZ,24,70750
234,8700050760,QUEST RASPBERRY,16 OZ,24,70720
234,8700050761,QUEST STRAWBERRY,16 OZ,24,70760
234,8700050762,QUEST TANGERINE,16 OZ,24,70730
241,8813099463,ARIZONA ICED TEA LEM,24 OZ,24,50200
234,8813099464,ARIZONA LEMON TEA (C,24 OZ,24,50200
234,8813099465,ARIZONA ICED TEA W/L,16 OZ,24,50330
234,8813099466,ARIZONA ICED TEA RAS,16 OZ,24,50340
234,8813099468,ARIZONA LEMON TEA (C,24 OZ,24,50200
234,8813099469,ARIZONA TROPICAL TEA,24OZ,24,57920
238,8908767001,COLA CHAMPAGNE,2 LT,6,65010
238,8908767003,GINGER BEER,2 LT,6,65000
234,8939615144,MISTIC BREEZE PARADI,20 OZ,24,78350
234,8939615147,MISTIC BREEZE GRAPE/,20 OZ,24,78380
234,8939615148,MISTIC ORANGE MANGO,20 OZ,24,78980
234,8939615150,MISTIC KIWI APPLE EN,20 OZ,24,78970
234,8939615151,MISTIC BL RASP ENERG,20 OZ,24,78490
234,8939615152,MISTIC BREEZE PINE/P,20 OZ,24,78390
233,8939615300,MISTIC KIWI STRAWBER,20 OZ,24,78540
233,8939615358,MISTIC BLACK CHRRY W,4/12OZ,6,78400
233,8939615360,MISTIC TROPICAL WATE,4/12OZ,6,78420
233,8939615365,MISTIC RASP/BOYSEN S,4/11OZ,6,78490
233,8939615367,MISTIC LIME KIWI SPR,4/11OZ,6,78480
234,8939615378,MISTIC STRAWBERRY TE,20 OZ,24,78640
234,8939615379,MISTIC LEMON ICED TE,20 OZ,24,78620
233,8939615381,MISTIC WILD CHRY SPR,4/11OZ,6,78500
233,8939615382,MISTIC ROYAL PEACH S,4/11OZ,6,78510
234,8939615383,MISTIC RASPBERRY ICE,20 OZ,24,78670
234,8939615384,MISTIC PEACH TEA,20 OZ,24,78660
234,8939615386,MISTIC BLACK CHERRY,20 OZ,24,78550
233,8939615387,MISTIC TROP SUPREME,20 OZ,24,78530
233,8939615390,ROYAL MISTIC RASP/BO,23 OZ,12,78450
233,8939615392,ROYAL MISTIC LIME KI,23 OZ,12,78440
233,8939615394,ROYAL MISTIC WILD CH,23 OZ,12,78460
233,8939615395,ROYAL MISTIC ROYAL P,23 OZ,12,78430
234,8939615396,~MISTIC LEMONADE LIM,20 OZ,24,78500
234,8939615397,MISTIC GRAPE STRAWBE,20 OZ,24,78590
233,8939615398,MISTIC CARIB PUNCH,20 OZ,24,78520
234,8939615399,~MISTIC PINK LEMONAD,20 OZ,24,78600
234,8939615400,MISTIC WATERMELON KI,20 OZ,24,78690
234,8939615401,MISTIC LIME TROPICAL,20 OZ,24,78740
234,8939615402,MISTIC RASPBERRY GUA,20 OZ,24,78680
234,8939615608,MISTIC LEMON ICED TE,16 OZ,24,78360
234,8939615611,$MISTIC GRAPE/STRAWB,16 OZ,24,78300
234,8939615612,MISTIC CARIBBEAN FRU,16 OZ,24,78310
234,8939615613,MISTIC TROP PINK LEM,16 OZ,24,78330
234,8939615615,MISTIC KIWI STRAWBER,16 OZ,24,78320
234,8939615628,MISTIC PINA COLADA,16 OZ,24,78340
234,8939615640,MISTIC STRW/COLADA C,16 OZ,24,78510
234,8939615641,MISTIC PEACH BEACH C,16 OZ,24,78530
234,8939615642,MISTIC PAPAYA PARADI,16 OZ,24,78520
234,8939615643,MISTIC GOLD LEMONADE,16 OZ,24,78540
234,8939615651,MEGA MISTIC LEMON IC,24 OZ,20,78240
234,8939615655,MEGA MISTIC GRAPE ST,24 OZ,20,78220
234,8939615657,MEGA MISTIC TROPICL,24 OZ,20,78200
234,8939615659,$MISTIC KIWI STRAWBE,24 OZ,20,78210
234,61300871000,ARIZONA MUCHO MANGO,16 OZ,12,51020
234,61300871021,ARIZONA STWBRY BANAN,20 OZ,24,51100
234,61300871023,ARIZONA DIET LEMON T,16 OZ,12,51070
234,61300871060,ARIZONA RASPBERRY TE,16 OZ,12,51030
234,61300871070,ARIZONA PEACH TEA,16 OZ,12,51050
234,61300871080,ARIZONA KIWI STRAWBE,16 OZ,12,51040
234,61300871090,ARIZONA PINK LEMONAD,16 OZ,12,51010
234,71370525000,CHOCOLATE MOOSE DRIN,15.5 O,24,50000
234,71416183711,GEYSER WILDBERRY DRI,.5 LTR,24,57510
234,71416183731,GEYSER LEMONADE DRIN,.5 LT,24,57520
234,71416183751,GEYSER KIWI WATERMEL,.5 LT,24,57500
225,72628120001,THORSPRING WATER,1.5 LT,12,71760
233,72628120002,THORSPRING WATER (NO,1.5 LT,12,71760
233,72628130001,THORSPRING WATER 1 L,1 LT,12,71950
234,74879400001,CELESTIAL LEMON ZING,16 OZ,24,78780
234,74879400003,CELESTIAL ICED TEA W,16 OZ,24,78800
234,74879400005,CELESTIAL CRANBERRY,16 OZ,24,78820
234,74879400006,CELESTIAL RASPBERRY,16 OZ,24,78760
234,74879400009,CELESTIAL MANTANGO Z,16 OZ,24,78840
234,75220812001,WEST END COUNTRY PEA,20 OZ,24,55870
234,75220812002,WESTEND WILD CHERRY,20 OZ,24,55860
234,75220812003,WESTEND RED RASPBERR,20 OZ,24,55880
234,75220812004,WESTEND KIWI LEMON L,20 OZ,24,55850
234,75220812005,WEST END STRAWBERRY,20 OZ,24,55840
234,75220812006,WEST END MANGO ORANG,20 OZ,12,55800
234,75220812051,WEST END NON-CARB BL,20 OZ,12,55890
234,75220812052,WEST END NON CARB KI,20 OZ,12,55900
234,75220812053,WEST END NON-CARB RA,20 OZ,12,55910
234,75220812054,WEST END NON-CARB TR,20 OZ,12,55920
234,75220812055,WEST END MANGO ORANG,20 OZ,12,55930
234,75220812056,WE NON-CARB CITRUS P,20 OZ,24,55980
234,75220812072,WEST END RASPBERRY L,20 OZ,12,71920
234,75220812074,WEST END CRANBERRY L,20 OZ,12,71900
234,75220812075,WEST END KIWI LEMONA,20 OZ,12,71910
234,75220812076,WEST END PINEAPPLE L,20 OZ,12,71930
233,77143405158,ARTIC TWIST SELECT S,4/10OZ,6,64020
233,77143405159,ARTIC TWIST SELECT S,23 OZ,12,64060
233,77143409950,ARTIC TWIST WHITE RA,4/10OZ,6,64050
233,77143409951,ARTIC TWIST WHITE RA,23 OZ,12,64090
233,77143442057,ARTIC TWST PREM WILD,4/10OZ,6,64000
233,77143442058,ARTIC TWIST PREMIUM,23 OZ,12,64040
233,77143442867,ARTIC TWIST GOLDEN P,4/10OZ,6,64030
233,77143442868,ARTIC TWIST GOLDEN P,23 OZ,12,64080
233,77143481460,ARTIC TWIST BLACK CH,4/10OZ,6,64010
233,77143481461,ARTIC TWIST BLACK CH,23 OZ,12,64070
